Country,Criteria,Coverage,Year,Migrants_out,Migrants_in,Continent,Population
Australia,Residence,Both,1980,90860.0,184290.0,Australia,14692000.0
Denmark,Residence,Both,1980,29913.0,30311.0,Europe,5123027.0
Finland,Residence,Both,1980,14824.0,13626.0,Europe,4779535.0
Germany,Residence,Both,1980,439571.0,753436.0,Europe,78288576.0
Norway,Residence,Both,1980,14705.0,18776.0,Europe,4085620.0
Sweden,Residence,Both,1980,31066.0,39426.0,Europe,8310531.0
Australia,Residence,Both,1981,85600.0,212690.0,Australia,14927000.0
Denmark,Residence,Both,1981,29719.0,27874.0,Europe,5121572.0
Finland,Residence,Both,1981,10034.0,15771.0,Europe,4799964.0
Germany,Residence,Both,1981,470525.0,625053.0,Europe,78407907.0
Norway,Residence,Both,1981,14522.0,19698.0,Europe,4099702.0
Sweden,Residence,Both,1981,29440.0,32272.0,Europe,8320503.0
Australia,Residence,Both,1982,92340.0,195200.0,Australia,15178000.0
Denmark,Residence,Both,1982,28328.0,28223.0,Europe,5117810.0
Finland,Residence,Both,1982,7402.0,14661.0,Europe,4826933.0
Germany,Residence,Both,1982,493495.0,420754.0,Europe,78333366.0
Norway,Residence,Both,1982,14728.0,20468.0,Europe,4114787.0
Sweden,Residence,Both,1982,28381.0,30381.0,Europe,8325263.0
Australia,Residence,Both,1983,100510.0,153570.0,Australia,15369000.0
Denmark,Residence,Both,1983,25999.0,27718.0,Europe,5114297.0
Finland,Residence,Both,1983,6817.0,13629.0,Europe,4855787.0
Germany,Residence,Both,1983,487268.0,372027.0,Europe,78128282.0
Norway,Residence,Both,1983,15778.0,20063.0,Europe,4128432.0
Sweden,Residence,Both,1983,25269.0,27495.0,Europe,8329033.0
Australia,Residence,Both,1984,96360.0,153530.0,Australia,15544000.0
Denmark,Residence,Both,1984,25053.0,29035.0,Europe,5111619.0
Finland,Residence,Both,1984,7467.0,11686.0,Europe,4881803.0
Germany,Residence,Both,1984,604832.0,457093.0,Europe,77858685.0
Norway,Residence,Both,1984,15927.0,19688.0,Europe,4140099.0
Sweden,Residence,Both,1984,22825.0,31486.0,Europe,8336605.0
Australia,Residence,Both,1985,93440.0,172550.0,Australia,15758000.0
Denmark,Residence,Both,1985,26715.0,36214.0,Europe,5113691.0
Finland,Residence,Both,1985,7737.0,10465.0,Europe,4902206.0
Germany,Residence,Both,1985,425313.0,512108.0,Europe,77684873.0
Norway,Residence,Both,1985,15630.0,21858.0,Europe,4152516.0
Sweden,Residence,Both,1985,22036.0,33127.0,Europe,8350386.0
Australia,Residence,Both,1986,92450.0,196690.0,Australia,16018400.0
Denmark,Residence,Both,1986,27928.0,38932.0,Europe,5120534.0
Finland,Residence,Both,1986,8269.0,9927.0,Europe,4918154.0
Germany,Residence,Both,1986,407139.0,598479.0,Europe,77720436.0
Iceland,Residence,Both,1986,2964.0,2703.0,Europe,243180.0
Italy,Residence,Both,1986,49775.0,75725.0,Europe,56596155.0
Norway,Residence,Both,1986,16745.0,24196.0,Europe,4167354.0
Sweden,Residence,Both,1986,24495.0,39487.0,Europe,8369829.0
Australia,Residence,Both,1987,97770.0,221620.0,Australia,16263900.0
Denmark,Residence,Both,1987,30123.0,36296.0,Europe,5127024.0
Finland,Residence,Both,1987,8475.0,9142.0,Europe,4932123.0
Germany,Residence,Both,1987,400816.0,614603.0,Europe,77839920.0
Iceland,Residence,Both,1987,2408.0,3616.0,Europe,245859.0
Ireland,Residence,Both,1987,40200.0,17000.0,Europe,3540057.0
Italy,Residence,Both,1987,43669.0,104459.0,Europe,56601931.0
Norway,Residence,Both,1987,17380.0,31149.0,Europe,4186905.0
Sweden,Residence,Both,1987,20673.0,42666.0,Europe,8397804.0
Australia,Residence,Both,1988,104770.0,253860.0,Australia,16532200.0
Denmark,Residence,Both,1988,34544.0,35051.0,Europe,5129516.0
Finland,Residence,Both,1988,8447.0,9720.0,Europe,4946481.0
Germany,Residence,Both,1988,421947.0,903892.0,Europe,78144619.0
Iceland,Residence,Both,1988,2685.0,4151.0,Europe,249740.0
Ireland,Residence,Both,1988,61100.0,19000.0,Europe,3524949.0
Italy,Residence,Both,1988,41861.0,85791.0,Europe,56629288.0
Norway,Residence,Both,1988,19821.0,29964.0,Europe,4209488.0
Sweden,Residence,Both,1988,21461.0,51092.0,Europe,8436489.0
Australia,Residence,Both,1989,120040.0,238050.0,Australia,16814400.0
Denmark,Residence,Both,1989,34949.0,38391.0,Europe,5132594.0
Finland,Residence,Both,1989,7374.0,11219.0,Europe,4964371.0
Germany,Residence,Both,1989,544967.0,1522190.0,Europe,78751283.0
Iceland,Residence,Both,1989,3841.0,2755.0,Europe,252852.0
Ireland,Residence,Both,1989,70500.0,27000.0,Europe,3511009.0
Italy,Residence,Both,1989,65647.0,81201.0,Europe,56671781.0
Norway,Residence,Both,1989,27300.0,25847.0,Europe,4226901.0
Sweden,Residence,Both,1989,21484.0,65866.0,Europe,8492964.0
Australia,Residence,Both,1990,137470.0,234050.0,Australia,17065100.0
Denmark,Residence,Both,1990,32383.0,40715.0,Europe,5140939.0
Finland,Residence,Both,1990,6477.0,13558.0,Europe,4986431.0
Germany,Residence,Both,1990,610595.0,1651593.0,Europe,79433029.0
Iceland,Residence,Both,1990,3847.0,3166.0,Europe,254826.0
Ireland,Residence,Both,1990,56200.0,33000.0,Europe,3513974.0
Italy,Residence,Both,1990,55989.0,166754.0,Europe,56719240.0
Kyrgyz Republic,Residence,Both,1990,82852.0,40939.0,Asia,4391200.0
Norway,Residence,Both,1990,23784.0,25494.0,Europe,4241473.0
Romania,Residence,Both,1990,96929.0,,Europe,23201835.0
Sweden,Residence,Both,1990,25196.0,60048.0,Europe,8558835.0
Australia,Residence,Both,1991,143710.0,237240.0,Australia,17284000.0
Denmark,Residence,Both,1991,32629.0,43567.0,Europe,5154298.0
Finland,Residence,Both,1991,5984.0,19001.0,Europe,5013740.0
Germany,Residence,Both,1991,582240.0,1198978.0,Europe,80013896.0
Iceland,Residence,Both,1991,2982.0,3989.0,Europe,257797.0
Ireland,Residence,Both,1991,35300.0,33000.0,Europe,3534235.0
Italy,Residence,Both,1991,57730.0,126935.0,Europe,56758521.0
Kyrgyz Republic,Residence,Both,1991,71315.0,37558.0,Asia,4463600.0
Norway,Residence,Both,1991,18238.0,26283.0,Europe,4261732.0
Romania,Residence,Both,1991,44160.0,,Europe,23001155.0
Russian Federation,Residence,Both,1991,675497.0,692238.0,Europe,148624000.0
Sweden,Residence,Both,1991,24745.0,49731.0,Europe,8617375.0
Australia,Residence,Both,1992,143660.0,220460.0,Australia,17495000.0
Croatia,Residence,Both,1992,8859.0,48324.0,Europe,4470000.0
Denmark,Residence,Both,1992,31915.0,43377.0,Europe,5171370.0
Finland,Residence,Both,1992,6055.0,14554.0,Europe,5041992.0
Germany,Residence,Both,1992,701424.0,1502198.0,Europe,80624598.0
Iceland,Residence,Both,1992,3213.0,2959.0,Europe,261057.0
Ireland,Residence,Both,1992,33400.0,41000.0,Europe,3558430.0
Italy,Residence,Both,1992,56987.0,113916.0,Europe,56797087.0
Kyrgyz Republic,Residence,Both,1992,103728.0,26275.0,Asia,4515400.0
Norway,Residence,Both,1992,16801.0,26743.0,Europe,4286401.0
Romania,Residence,Both,1992,31152.0,,Europe,22794284.0
Russian Federation,Residence,Both,1992,673143.0,926020.0,Europe,148689000.0
Sweden,Residence,Both,1992,25726.0,45348.0,Europe,8668067.0
Australia,Residence,Both,1993,140420.0,197940.0,Australia,17667000.0
Croatia,Residence,Both,1993,9169.0,57702.0,Europe,4640000.0
Czech Republic,Residence,Both,1993,7416.0,,Europe,10329855.0
Denmark,Residence,Both,1993,32344.0,43400.0,Europe,5188628.0
Finland,Residence,Both,1993,6405.0,14795.0,Europe,5066447.0
Germany,Residence,Both,1993,796859.0,1277408.0,Europe,81156363.0
Iceland,Residence,Both,1993,2901.0,2698.0,Europe,263725.0
Ireland,Residence,Both,1993,35100.0,35000.0,Europe,3576261.0
Italy,Residence,Both,1993,61282.0,100401.0,Europe,56831821.0
Kyrgyz Republic,Residence,Both,1993,143619.0,23015.0,Asia,4516700.0
Norway,Residence,Both,1993,18903.0,31711.0,Europe,4311991.0
Romania,Residence,Both,1993,18446.0,,Europe,22763280.0
Russian Federation,Residence,Both,1993,483028.0,923280.0,Europe,148520000.0
Slovak Republic,Residence,Both,1993,7355.0,9109.0,Europe,5325305.0
Sweden,Residence,Both,1993,29874.0,61872.0,Europe,8718561.0
Australia,Residence,Both,1994,141680.0,221920.0,Australia,17855000.0
Croatia,Residence,Both,1994,10163.0,33426.0,Europe,4650000.0
Czech Republic,Residence,Both,1994,264.0,10207.0,Europe,10333587.0
Denmark,Residence,Both,1994,34710.0,44961.0,Europe,5206180.0
Finland,Residence,Both,1994,8672.0,11611.0,Europe,5088333.0
Germany,Residence,Both,1994,740525.0,,Europe,81438348.0
Iceland,Residence,Both,1994,3436.0,2676.0,Europe,266021.0
Ireland,Residence,Both,1994,34800.0,30000.0,Europe,3590386.0
Italy,Residence,Both,1994,65548.0,99105.0,Europe,56843400.0
Kyrgyz Republic,Residence,Both,1994,71197.0,20104.0,Asia,4515100.0
Norway,Residence,Both,1994,19475.0,26911.0,Europe,4336613.0
Romania,Residence,Both,1994,17146.0,878.0,Europe,22730211.0
Russian Federation,Residence,Both,1994,337121.0,1146735.0,Europe,148336000.0
Slovak Republic,Residence,Both,1994,154.0,4923.0,Europe,5346331.0
Sweden,Residence,Both,1994,32661.0,83598.0,Europe,8780745.0
Australia,Residence,Both,1995,149360.0,253940.0,Australia,18072000.0
Azerbaijan,Residence,Both,1995,16033.0,6222.0,Asia,7685000.0
Croatia,Residence,Both,1995,15413.0,42026.0,Europe,4669000.0
Czech Republic,Residence,Both,1995,540.0,10540.0,Europe,10327253.0
Denmark,Residence,Both,1995,34630.0,63187.0,Europe,5233373.0
Finland,Residence,Both,1995,8957.0,12222.0,Europe,5107790.0
Germany,Residence,Both,1995,698113.0,1096048.0,Europe,81678051.0
Iceland,Residence,Both,1995,4285.0,2867.0,Europe,267468.0
Ireland,Residence,Both,1995,33200.0,38000.0,Europe,3608841.0
Italy,Residence,Both,1995,43303.0,96710.0,Europe,56844303.0
Kyrgyz Republic,Residence,Both,1995,37302.0,18368.0,Asia,4560400.0
Latvia,Residence,Both,1995,16512.0,2799.0,Europe,2485056.0
Norway,Residence,Both,1995,19312.0,25678.0,Europe,4359184.0
Romania,Residence,Both,1995,25675.0,4458.0,Europe,22684270.0
Russian Federation,Residence,Both,1995,339600.0,842050.0,Europe,148375726.0
Slovak Republic,Residence,Both,1995,213.0,3055.0,Europe,5361999.0
Sweden,Residence,Both,1995,33984.0,45887.0,Europe,8826939.0
Australia,Residence,Both,1996,158260.0,261330.0,Australia,18311000.0
Azerbaijan,Residence,Both,1996,13151.0,5781.0,Asia,7763000.0
Croatia,Residence,Both,1996,10027.0,44596.0,Europe,4494000.0
Czech Republic,Residence,Both,1996,728.0,10857.0,Europe,10315241.0
Denmark,Residence,Both,1996,37312.0,54445.0,Europe,5263074.0
Finland,Residence,Both,1996,10587.0,13294.0,Europe,5124573.0
Germany,Residence,Both,1996,677494.0,959691.0,Europe,81914831.0
Iceland,Residence,Both,1996,4108.0,3664.0,Europe,268916.0
Ireland,Residence,Both,1996,31200.0,39000.0,Europe,3637510.0
Italy,Residence,Both,1996,47510.0,171967.0,Europe,56860281.0
Kyrgyz Republic,Residence,Both,1996,27584.0,15910.0,Asia,4628400.0
Latvia,Residence,Both,1996,12828.0,2747.0,Europe,2457222.0
Norway,Residence,Both,1996,20590.0,26407.0,Europe,4381336.0
Romania,Residence,Both,1996,21526.0,2053.0,Europe,22619004.0
Russian Federation,Residence,Both,1996,288048.0,631592.0,Europe,148160042.0
Slovak Republic,Residence,Both,1996,222.0,2477.0,Europe,5373361.0
Sweden,Residence,Both,1996,33884.0,39895.0,Europe,8840998.0
Australia,Residence,Both,1997,176560.0,260220.0,Australia,18517000.0
Azerbaijan,Residence,Both,1997,15703.0,7528.0,Asia,7838250.0
Croatia,Residence,Both,1997,18531.0,52343.0,Europe,4572000.0
Czech Republic,Residence,Both,1997,804.0,12880.0,Europe,10304131.0
Denmark,Residence,Both,1997,38393.0,50105.0,Europe,5284991.0
Finland,Residence,Both,1997,9854.0,13564.0,Europe,5139835.0
Germany,Residence,Both,1997,746969.0,840633.0,Europe,82034771.0
Iceland,Residence,Both,1997,3921.0,3990.0,Europe,271128.0
Ireland,Residence,Both,1997,25400.0,45625.0,Europe,3674171.0
Italy,Residence,Both,1997,46273.0,162857.0,Europe,56890372.0
Kyrgyz Republic,Residence,Both,1997,19538.0,12799.0,Asia,4696400.0
Latvia,Residence,Both,1997,12333.0,2913.0,Europe,2432851.0
Norway,Residence,Both,1997,21257.0,31957.0,Europe,4405157.0
Romania,Residence,Both,1997,19945.0,6600.0,Europe,22553978.0
Russian Federation,Residence,Both,1997,232987.0,597651.0,Europe,147915307.0
Slovak Republic,Residence,Both,1997,572.0,2303.0,Europe,5383291.0
Sweden,Residence,Both,1997,38543.0,44818.0,Europe,8846062.0
Australia,Residence,Both,1998,179600.0,268390.0,Australia,18711000.0
Austria,Residence,Both,1998,64272.0,72723.0,Europe,7976789.0
Azerbaijan,Residence,Both,1998,10498.0,5404.0,Asia,7913000.0
Belgium,Residence,Both,1998,72087.0,83812.0,Europe,10203008.0
Cyprus,Residence,Both,1998,6800.0,8622.0,Asia,908040.0
Denmark,Residence,Both,1998,40340.0,51372.0,Europe,5304219.0
Estonia,Residence,Both,1998,2507.0,1219.0,Europe,1386156.0
Finland,Residence,Both,1998,10817.0,14192.0,Europe,5153498.0
Germany,Residence,Both,1998,755358.0,802456.0,Europe,82047195.0
Iceland,Residence,Both,1998,3682.0,4563.0,Europe,274047.0
Ireland,Residence,Both,1998,28600.0,48175.0,Europe,3712696.0
Italy,Residence,Both,1998,45889.0,156885.0,Europe,56906744.0
Kyrgyz Republic,Residence,Both,1998,15671.0,10219.0,Asia,4769000.0
Latvia,Residence,Both,1998,8874.0,3123.0,Europe,2410019.0
Lithuania,Residence,Both,1998,2130.0,2706.0,Europe,3549331.0
Luxembourg,Residence,Both,1998,7574.0,11630.0,Europe,424700.0
Malta,Residence,Both,1998,121.0,349.0,Europe,377516.0
Netherlands,Residence,Both,1998,60441.0,122407.0,Europe,15707209.0
Norway,Residence,Both,1998,22881.0,36704.0,Europe,4431464.0
Poland,Residence,Both,1998,22177.0,8532.0,Europe,38663481.0
Portugal,Residence,Both,1998,11100.0,43100.0,Europe,10160196.0
Romania,Residence,Both,1998,17536.0,11907.0,Europe,22507344.0
Russian Federation,Residence,Both,1998,213377.0,513551.0,Europe,147670692.0
Slovak Republic,Residence,Both,1998,746.0,2052.0,Europe,5390516.0
Slovenia,Residence,Both,1998,6708.0,4603.0,Europe,1981629.0
Sweden,Residence,Both,1998,38518.0,49391.0,Europe,8850974.0
United Kingdom,Residence,Both,1998,198934.0,332390.0,Europe,58487141.0
Australia,Residence,Both,1999,185670.0,289870.0,Australia,18926000.0
Austria,Residence,Both,1999,66923.0,86710.0,Europe,7992324.0
Azerbaijan,Residence,Both,1999,9142.0,4806.0,Asia,7982750.0
Belgium,Residence,Both,1999,74097.0,91624.0,Europe,10226419.0
Croatia,Residence,Both,1999,14285.0,32910.0,Europe,4554000.0
Czech Republic,Residence,Both,1999,1136.0,9910.0,Europe,10283860.0
Denmark,Residence,Both,1999,41340.0,50236.0,Europe,5321799.0
Estonia,Residence,Both,1999,1882.0,1198.0,Europe,1380620.0
Finland,Residence,Both,1999,11966.0,14744.0,Europe,5165474.0
Germany,Residence,Both,1999,685635.0,874023.0,Europe,82100243.0
Iceland,Residence,Both,1999,3663.0,4785.0,Europe,277381.0
Ireland,Residence,Both,1999,27825.0,51675.0,Europe,3754786.0
Italy,Residence,Both,1999,64873.0,185052.0,Europe,56916317.0
Kyrgyz Republic,Residence,Both,1999,17818.0,7879.0,Asia,4840400.0
Latvia,Residence,Both,1999,5898.0,1813.0,Europe,2390482.0
Liechtenstein,Residence,Both,1999,1369.0,2679.0,Europe,32843.0
Lithuania,Residence,Both,1999,1369.0,2679.0,Europe,3524238.0
Luxembourg,Residence,Both,1999,8075.0,12794.0,Europe,430475.0
Malta,Residence,Both,1999,67.0,339.0,Europe,379360.0
Netherlands,Residence,Both,1999,59023.0,119151.0,Europe,15812088.0
Norway,Residence,Both,1999,22842.0,41841.0,Europe,4461913.0
Poland,Residence,Both,1999,21536.0,7525.0,Europe,38660271.0
Portugal,Residence,Both,1999,14040.0,52040.0,Europe,10217828.0
Romania,Residence,Both,1999,12594.0,10078.0,Europe,22472040.0
Russian Federation,Residence,Both,1999,214963.0,379726.0,Europe,147214392.0
Slovak Republic,Residence,Both,1999,618.0,2072.0,Europe,5396020.0
Slovenia,Residence,Both,1999,2606.0,4941.0,Europe,1983045.0
Sweden,Residence,Both,1999,35705.0,49839.0,Europe,8857874.0
Switzerland,Residence,Both,1999,91804.0,107953.0,Europe,7143991.0
United Kingdom,Residence,Both,1999,245340.0,354077.0,Europe,58682466.0
Armenia,Residence,Both,2000,12030.0,1767.0,Asia,3076098.0
Australia,Residence,Both,2000,206120.0,317560.0,Australia,19153000.0
Austria,Residence,Both,2000,64472.0,81675.0,Europe,8011566.0
Azerbaijan,Residence,Both,2000,9947.0,4361.0,Asia,8048600.0
Belarus,Residence,Both,2000,13812.0,25943.0,Europe,10005000.0
Belgium,Residence,Both,2000,75320.0,89388.0,Europe,10251250.0
Czech Republic,Residence,Both,2000,1263.0,7802.0,Europe,10255063.0
Denmark,Residence,Both,2000,43417.0,52915.0,Europe,5339616.0
Estonia,Residence,Both,2000,1784.0,35.0,Europe,1396985.0
Finland,Residence,Both,2000,14311.0,16895.0,Europe,5176209.0
Germany,Residence,Both,2000,674038.0,841158.0,Europe,82211508.0
Iceland,Residence,Both,2000,3489.0,5203.0,Europe,281205.0
Ireland,Residence,Both,2000,26300.0,57400.0,Europe,3805174.0
Italy,Residence,Both,2000,56601.0,226968.0,Europe,56942108.0
Kazakhstan,Residence,Both,2000,155749.0,50166.0,Asia,14883626.0
Kyrgyz Republic,Residence,Both,2000,27887.0,5349.0,Asia,4898400.0
Latvia,Residence,Both,2000,22911.0,6483.0,Europe,2367550.0
Lithuania,Residence,Both,2000,2616.0,1510.0,Europe,3499536.0
Luxembourg,Residence,Both,2000,8121.0,11765.0,Europe,436300.0
Malta,Residence,Both,2000,67.0,22.0,Europe,381363.0
Netherlands,Residence,Both,2000,61201.0,132850.0,Europe,15925513.0
Norway,Residence,Both,2000,26854.0,36493.0,Europe,4490967.0
Poland,Residence,Both,2000,26999.0,7331.0,Europe,38258629.0
Portugal,Residence,Both,2000,10660.0,57660.0,Europe,10289898.0
Romania,Residence,Both,2000,14753.0,11024.0,Europe,22442971.0
Russian Federation,Residence,Both,2000,145720.0,359330.0,Europe,146596557.0
Slovak Republic,Residence,Both,2000,811.0,2274.0,Europe,5388720.0
Slovenia,Residence,Both,2000,3570.0,6185.0,Europe,1988925.0
Sweden,Residence,Both,2000,34091.0,58659.0,Europe,8872109.0
Macedonia,Residence,Both,2000,165.0,639.0,Europe,2012051.0
Ukraine,Residence,Both,2000,100325.0,53712.0,Europe,49175848.0
Armenia,Residence,Both,2001,11901.0,1764.0,Asia,3060036.0
Australia,Residence,Both,2001,216130.0,356410.0,Australia,19413000.0
Azerbaijan,Residence,Both,2001,7288.0,2574.0,Asia,8111200.0
Belarus,Residence,Both,2001,14270.0,23355.0,Europe,9928000.0
Belgium,Residence,Both,2001,75261.0,110410.0,Europe,10286570.0
Czech Republic,Residence,Both,2001,21469.0,12918.0,Europe,10216605.0
Denmark,Residence,Both,2001,43980.0,55984.0,Europe,5358783.0
Estonia,Residence,Both,2001,2175.0,241.0,Europe,1388115.0
Finland,Residence,Both,2001,13153.0,18955.0,Europe,5188008.0
Germany,Residence,Both,2001,606494.0,879217.0,Europe,82349925.0
Iceland,Residence,Both,2001,4034.0,5002.0,Europe,284968.0
Ireland,Residence,Both,2001,25750.0,64925.0,Europe,3866243.0
Italy,Residence,Both,2001,56077.0,208252.0,Europe,56974100.0
Kazakhstan,Residence,Both,2001,141710.0,54992.0,Asia,14858335.0
Kyrgyz Republic,Residence,Both,2001,31633.0,5048.0,Asia,4945100.0
Latvia,Residence,Both,2001,24539.0,5376.0,Europe,2337170.0
Lithuania,Residence,Both,2001,27841.0,4694.0,Europe,3470818.0
Luxembourg,Residence,Both,2001,8824.0,12135.0,Europe,441525.0
Netherlands,Residence,Both,2001,63318.0,133404.0,Europe,16046180.0
Poland,Residence,Both,2001,23368.0,6625.0,Europe,38248076.0
Portugal,Residence,Both,2001,9800.0,74800.0,Europe,10362722.0
Romania,Residence,Both,2001,12738.0,10350.0,Europe,22131970.0
Russian Federation,Residence,Both,2001,121166.0,193450.0,Europe,145976083.0
Slovak Republic,Residence,Both,2001,1011.0,2023.0,Europe,5378867.0
Slovenia,Residence,Both,2001,4811.0,7803.0,Europe,1992060.0
Sweden,Residence,Both,2001,32141.0,60795.0,Europe,8895960.0
Ukraine,Residence,Both,2001,88804.0,45765.0,Europe,48683865.0
Armenia,Residence,Both,2002,10433.0,1715.0,Asia,3047249.0
Australia,Residence,Both,2002,222940.0,361990.0,Australia,19651400.0
Austria,Residence,Both,2002,74831.0,108125.0,Europe,8081957.0
Azerbaijan,Residence,Both,2002,4320.0,1257.0,Asia,8171950.0
Belarus,Residence,Both,2002,13378.0,18939.0,Europe,9865000.0
Belgium,Residence,Both,2002,75960.0,113857.0,Europe,10332785.0
Croatia,Residence,Both,2002,11767.0,20365.0,Europe,4440000.0
Cyprus,Residence,Both,2002,7485.0,14370.0,Asia,979883.0
Czech Republic,Residence,Both,2002,32389.0,44679.0,Europe,10196916.0
Denmark,Residence,Both,2002,43481.0,52778.0,Europe,5375931.0
Estonia,Residence,Both,2002,2038.0,575.0,Europe,1379350.0
Finland,Residence,Both,2002,12891.0,18113.0,Europe,5200598.0
Germany,Residence,Both,2002,623255.0,842543.0,Europe,82488495.0
Iceland,Residence,Both,2002,4490.0,4215.0,Europe,287523.0
Ireland,Residence,Both,2002,28375.0,61725.0,Europe,3931947.0
Italy,Residence,Both,2002,49383.0,222801.0,Europe,57059007.0
Kazakhstan,Residence,Both,2002,120223.0,59502.0,Asia,14858948.0
Kyrgyz Republic,Residence,Both,2002,32717.0,4893.0,Asia,4990700.0
Latvia,Residence,Both,2002,15836.0,6642.0,Europe,2310173.0
Lithuania,Residence,Both,2002,16719.0,5110.0,Europe,3443067.0
Luxembourg,Residence,Both,2002,9452.0,12101.0,Europe,446175.0
Malta,Residence,Both,2002,96.0,,Europe,395969.0
Netherlands,Residence,Both,2002,66728.0,121250.0,Europe,16148929.0
Norway,Residence,Both,2002,22948.0,40122.0,Europe,4538159.0
Poland,Residence,Both,2002,24532.0,6587.0,Europe,38230364.0
Portugal,Residence,Both,2002,9300.0,79300.0,Europe,10419631.0
Romania,Residence,Both,2002,10814.0,6582.0,Europe,21730496.0
Russian Federation,Residence,Both,2002,106685.0,184612.0,Europe,145306046.0
Slovak Republic,Residence,Both,2002,1411.0,2312.0,Europe,5376912.0
Slovenia,Residence,Both,2002,7269.0,9134.0,Europe,1994530.0
Spain,Residence,Both,2002,36605.0,483260.0,Europe,41431558.0
Sweden,Residence,Both,2002,33009.0,64087.0,Europe,8924958.0
Ukraine,Residence,Both,2002,76264.0,42473.0,Europe,48202500.0
United Kingdom,Residence,Both,2002,305931.0,385901.0,Europe,59370479.0
Armenia,Residence,Both,2003,8482.0,1926.0,Asia,3036420.0
Australia,Residence,Both,2003,224890.0,388450.0,Australia,19895400.0
Austria,Residence,Both,2003,71996.0,111869.0,Europe,8121423.0
Azerbaijan,Residence,Both,2003,3754.0,2500.0,Asia,8234100.0
Belarus,Residence,Both,2003,12986.0,18145.0,Europe,9797000.0
Belgium,Residence,Both,2003,79399.0,112060.0,Europe,10376133.0
Croatia,Residence,Both,2003,6534.0,18455.0,Europe,4440000.0
Cyprus,Residence,Both,2003,4437.0,16779.0,Asia,998150.0
Czech Republic,Residence,Both,2003,34226.0,60015.0,Europe,10193998.0
Denmark,Residence,Both,2003,43466.0,49754.0,Europe,5390574.0
Estonia,Residence,Both,2003,3073.0,967.0,Europe,1370720.0
Finland,Residence,Both,2003,12083.0,17838.0,Europe,5213014.0
Germany,Residence,Both,2003,626330.0,768975.0,Europe,82534176.0
Ireland,Residence,Both,2003,27200.0,58875.0,Europe,3996521.0
Italy,Residence,Both,2003,62970.0,470491.0,Europe,57313203.0
Kazakhstan,Residence,Both,2003,73890.0,68503.0,Asia,14909018.0
Kyrgyz Republic,Residence,Both,2003,21209.0,4483.0,Asia,5043300.0
Latvia,Residence,Both,2003,15647.0,4063.0,Europe,2287955.0
Lithuania,Residence,Both,2003,26283.0,4728.0,Europe,3415213.0
Luxembourg,Residence,Both,2003,7746.0,13158.0,Europe,451630.0
Netherlands,Residence,Both,2003,68885.0,104514.0,Europe,16225302.0
Norway,Residence,Both,2003,24672.0,35957.0,Europe,4564855.0
Poland,Residence,Both,2003,20813.0,7048.0,Europe,38204570.0
Portugal,Residence,Both,2003,8900.0,72400.0,Europe,10458821.0
Romania,Residence,Both,2003,12744.0,3266.0,Europe,21574326.0
Russian Federation,Residence,Both,2003,94018.0,129144.0,Europe,144648257.0
Slovak Republic,Residence,Both,2003,4777.0,6551.0,Europe,5373374.0
Slovenia,Residence,Both,2003,5867.0,9279.0,Europe,1995733.0
Spain,Residence,Both,2003,64298.0,672266.0,Europe,42187645.0
Sweden,Residence,Both,2003,35023.0,63795.0,Europe,8958229.0
Ukraine,Residence,Both,2003,63699.0,39489.0,Europe,47812950.0
United Kingdom,Residence,Both,2003,313960.0,431487.0,Europe,59647577.0
Armenia,Residence,Both,2004,8451.0,1514.0,Asia,3025982.0
Australia,Residence,Both,2004,212200.0,350990.0,Australia,20127400.0
Austria,Residence,Both,2004,71721.0,122547.0,Europe,8171966.0
Azerbaijan,Residence,Both,2004,2800.0,2407.0,Asia,8306500.0
Belarus,Residence,Both,2004,12510.0,14641.0,Europe,9730000.0
Belgium,Residence,Both,2004,83895.0,117236.0,Europe,10421137.0
Croatia,Residence,Both,2004,6812.0,18383.0,Europe,4439000.0
Cyprus,Residence,Both,2004,6279.0,22003.0,Asia,1015827.0
Czech Republic,Residence,Both,2004,34818.0,53453.0,Europe,10197101.0
Denmark,Residence,Both,2004,45017.0,49860.0,Europe,5404523.0
Estonia,Residence,Both,2004,2927.0,1097.0,Europe,1362550.0
Finland,Residence,Both,2004,13656.0,20333.0,Europe,5228172.0
Germany,Residence,Both,2004,697632.0,780175.0,Europe,82516260.0
Iceland,Residence,Both,2004,4820.0,5350.0,Europe,292074.0
Ireland,Residence,Both,2004,28675.0,78075.0,Europe,4070262.0
Italy,Residence,Both,2004,64849.0,444566.0,Europe,57685327.0
Kazakhstan,Residence,Both,2004,65530.0,69559.0,Asia,15012985.0
Kyrgyz Republic,Residence,Both,2004,22607.0,3284.0,Asia,5104700.0
Latvia,Residence,Both,2004,20167.0,4844.0,Europe,2263122.0
Lithuania,Residence,Both,2004,37691.0,5553.0,Europe,3377075.0
Luxembourg,Residence,Both,2004,8480.0,12872.0,Europe,458095.0
Netherlands,Residence,Both,2004,75049.0,94019.0,Europe,16281779.0
Norway,Residence,Both,2004,23271.0,36482.0,Europe,4591910.0
Poland,Residence,Both,2004,18877.0,9495.0,Europe,38182222.0
Portugal,Residence,Both,2004,10680.0,57920.0,Europe,10483861.0
Romania,Residence,Both,2004,16052.0,2987.0,Europe,21451748.0
Russian Federation,Residence,Both,2004,79795.0,119157.0,Europe,144067054.0
Slovak Republic,Residence,Both,2004,6525.0,10390.0,Europe,5372280.0
Slovenia,Residence,Both,2004,8269.0,10171.0,Europe,1997012.0
Spain,Residence,Both,2004,55092.0,684561.0,Europe,42921895.0
Sweden,Residence,Both,2004,36586.0,62028.0,Europe,8993531.0
Switzerland,Residence,Both,2004,79726.0,120188.0,Europe,7389625.0
Macedonia,Residence,Both,2004,669.0,1718.0,Europe,2038444.0
Ukraine,Residence,Both,2004,46182.0,38567.0,Europe,47451600.0
United Kingdom,Residence,Both,2004,310389.0,518097.0,Europe,59987905.0
Armenia,Residence,Both,2005,9303.0,1497.0,Asia,3014917.0
Australia,Residence,Both,2005,206690.0,363470.0,Australia,20394800.0
Austria,Residence,Both,2005,70133.0,114465.0,Europe,8227829.0
Azerbaijan,Residence,Both,2005,2919.0,2019.0,Asia,8391850.0
Belarus,Residence,Both,2005,11082.0,13031.0,Europe,9663000.0
Belgium,Residence,Both,2005,86899.0,132810.0,Europe,10478617.0
Cyprus,Residence,Both,2005,10003.0,24419.0,Asia,1032586.0
Czech Republic,Residence,Both,2005,24065.0,60294.0,Europe,10211216.0
Denmark,Residence,Both,2005,45869.0,52458.0,Europe,5419432.0
Estonia,Residence,Both,2005,4610.0,1436.0,Europe,1354775.0
Finland,Residence,Both,2005,12369.0,21355.0,Europe,5246096.0
Germany,Residence,Both,2005,628399.0,707352.0,Europe,82469422.0
Iceland,Residence,Both,2005,3913.0,7773.0,Europe,296734.0
Ireland,Residence,Both,2005,34350.0,102000.0,Europe,4159914.0
Italy,Residence,Both,2005,65029.0,325673.0,Europe,57969484.0
Kazakhstan,Residence,Both,2005,52139.0,75817.0,Asia,15147029.0
Kyrgyz Republic,Residence,Both,2005,30741.0,3761.0,Asia,5162600.0
Latvia,Residence,Both,2005,17643.0,6691.0,Europe,2238799.0
Lithuania,Residence,Both,2005,57885.0,6789.0,Europe,3322528.0
Luxembourg,Residence,Both,2005,8287.0,14397.0,Europe,465158.0
Netherlands,Residence,Both,2005,83399.0,92297.0,Europe,16319868.0
Norway,Residence,Both,2005,21709.0,40148.0,Europe,4623291.0
Poland,Residence,Both,2005,22242.0,9364.0,Europe,38165445.0
Portugal,Residence,Both,2005,10800.0,49200.0,Europe,10503330.0
Romania,Residence,Both,2005,13297.0,3704.0,Europe,21319685.0
Russian Federation,Residence,Both,2005,69798.0,178981.0,Europe,143518523.0
Slovak Republic,Residence,Both,2005,2784.0,9410.0,Europe,5372807.0
Slovenia,Residence,Both,2005,8605.0,15041.0,Europe,2000474.0
Spain,Residence,Both,2005,68011.0,719284.0,Europe,43653155.0
Sweden,Residence,Both,2005,38118.0,65229.0,Europe,9029572.0
Switzerland,Residence,Both,2005,82090.0,,Europe,7437115.0
Macedonia,Residence,Both,2005,1300.0,2671.0,Europe,2042894.0
Ukraine,Residence,Both,2005,34997.0,39580.0,Europe,47105150.0
United Kingdom,Residence,Both,2005,328408.0,496469.0,Europe,60401206.0
Armenia,Residence,Both,2006,8053.0,1335.0,Asia,3002161.0
Australia,Residence,Both,2006,204800.0,402210.0,Australia,20697900.0
Austria,Residence,Both,2006,74432.0,98535.0,Europe,8268641.0
Azerbaijan,Residence,Both,2006,2644.0,2232.0,Asia,8484550.0
Belarus,Residence,Both,2006,8498.0,14124.0,Europe,9604000.0
Belgium,Residence,Both,2006,88163.0,137699.0,Europe,10547958.0
Croatia,Residence,Both,2006,7692.0,14978.0,Europe,4440000.0
Cyprus,Residence,Both,2006,6874.0,15545.0,Asia,1048293.0
Czech Republic,Residence,Both,2006,33463.0,68183.0,Europe,10238905.0
Denmark,Residence,Both,2006,46786.0,56750.0,Europe,5437272.0
Estonia,Residence,Both,2006,5527.0,2234.0,Europe,1346810.0
Finland,Residence,Both,2006,12107.0,22451.0,Europe,5266268.0
France,Residence,Both,2006,189403.0,301544.0,Europe,63621376.0
Germany,Residence,Both,2006,639064.0,661855.0,Europe,82376451.0
Iceland,Residence,Both,2006,4577.0,9832.0,Europe,303782.0
Ireland,Residence,Both,2006,44409.0,139434.0,Europe,4273591.0
Italy,Residence,Both,2006,75230.0,297640.0,Europe,58143979.0
Kazakhstan,Residence,Both,2006,33690.0,66747.0,Asia,15308084.0
Kyrgyz Republic,Residence,Both,2006,34423.0,3420.0,Asia,5218400.0
Latvia,Residence,Both,2006,17019.0,8212.0,Europe,2218357.0
Lithuania,Residence,Both,2006,32390.0,7745.0,Europe,3269909.0
Luxembourg,Residence,Both,2006,9001.0,14352.0,Europe,472637.0
Malta,Residence,Both,2006,1908.0,1829.0,Europe,405308.0
Netherlands,Residence,Both,2006,91028.0,101150.0,Europe,16346101.0
Norway,Residence,Both,2006,22053.0,45776.0,Europe,4660677.0
Poland,Residence,Both,2006,46936.0,10802.0,Europe,38141267.0
Portugal,Residence,Both,2006,12700.0,38800.0,Europe,10522288.0
Moldova,Residence,Both,2006,6685.0,1968.0,Europe,3585209.0
Romania,Residence,Both,2006,16672.0,7714.0,Europe,21193760.0
Russian Federation,Residence,Both,2006,54061.0,188308.0,Europe,143049528.0
Slovak Republic,Residence,Both,2006,3084.0,12611.0,Europe,5373054.0
Slovenia,Residence,Both,2006,13749.0,20016.0,Europe,2006868.0
Spain,Residence,Both,2006,142296.0,840844.0,Europe,44397319.0
Sweden,Residence,Both,2006,44908.0,95750.0,Europe,9080505.0
Switzerland,Residence,Both,2006,88218.0,127586.0,Europe,7483934.0
Macedonia,Residence,Both,2006,1108.0,2244.0,Europe,2047330.0
Ukraine,Residence,Both,2006,29982.0,44227.0,Europe,46787750.0
United Kingdom,Residence,Both,2006,369470.0,529008.0,Europe,60846820.0
Armenia,Residence,Both,2007,7461.0,1112.0,Asia,2988117.0
Australia,Residence,Both,2007,216580.0,460650.0,Australia,20827600.0
Austria,Residence,Both,2007,49898.0,72862.0,Europe,8295487.0
Azerbaijan,Residence,Both,2007,3090.0,1970.0,Asia,8581300.0
Belarus,Residence,Both,2007,9479.0,14155.0,Europe,9560000.0
Belgium,Residence,Both,2007,91052.0,146409.0,Europe,10625700.0
Bulgaria,Residence,Both,2007,2958.0,1561.0,Europe,7545338.0
Croatia,Residence,Both,2007,9002.0,14622.0,Europe,4436000.0
Cyprus,Residence,Both,2007,11389.0,19017.0,Asia,1063040.0
Czech Republic,Residence,Both,2007,20500.0,104445.0,Europe,10298828.0
Denmark,Residence,Both,2007,41566.0,64656.0,Europe,5461438.0
Estonia,Residence,Both,2007,4384.0,3741.0,Europe,1340680.0
Finland,Residence,Both,2007,12443.0,26029.0,Europe,5288720.0
France,Residence,Both,2007,220354.0,293980.0,Europe,64016229.0
Germany,Residence,Both,2007,636854.0,680766.0,Europe,82266372.0
Iceland,Residence,Both,2007,7414.0,12546.0,Europe,311566.0
Ireland,Residence,Both,2007,48040.0,122415.0,Europe,4398942.0
Italy,Residence,Both,2007,65196.0,558019.0,Europe,58438310.0
Kazakhstan,Residence,Both,2007,42435.0,52574.0,Asia,15484192.0
Kyrgyz Republic,Residence,Both,2007,54608.0,3955.0,Asia,5268400.0
Latvia,Residence,Both,2007,15463.0,7517.0,Europe,2200325.0
Lithuania,Residence,Both,2007,30383.0,8609.0,Europe,3231294.0
Luxembourg,Residence,Both,2007,10674.0,16675.0,Europe,479993.0
Malta,Residence,Both,2007,5029.0,6730.0,Europe,406724.0
Netherlands,Residence,Both,2007,91287.0,116819.0,Europe,16381696.0
Norway,Residence,Both,2007,22122.0,61774.0,Europe,4709153.0
Poland,Residence,Both,2007,35480.0,14995.0,Europe,38120560.0
Portugal,Residence,Both,2007,26800.0,46300.0,Europe,10542964.0
Moldova,Residence,Both,2007,7172.0,2070.0,Europe,3576910.0
Romania,Residence,Both,2007,11999.0,9575.0,Europe,20882982.0
Russian Federation,Residence,Both,2007,47013.0,291675.0,Europe,142805088.0
Slovak Republic,Residence,Both,2007,3570.0,16265.0,Europe,5374622.0
Slovenia,Residence,Both,2007,14943.0,29193.0,Europe,2018122.0
Spain,Residence,Both,2007,227065.0,958266.0,Europe,45226803.0
Sweden,Residence,Both,2007,45418.0,99485.0,Europe,9148092.0
Switzerland,Residence,Both,2007,90175.0,165634.0,Europe,7551117.0
Macedonia,Residence,Both,2007,240.0,1320.0,Europe,2051427.0
United Kingdom,Residence,Both,2007,317587.0,526714.0,Europe,61322463.0
Armenia,Residence,Both,2008,6121.0,864.0,Asia,2975029.0
Australia,Residence,Both,2008,220280.0,535970.0,Australia,21249200.0
Austria,Residence,Both,2008,51563.0,73772.0,Europe,8321496.0
Azerbaijan,Residence,Both,2008,2530.0,3597.0,Asia,8763400.0
Belarus,Residence,Both,2008,9268.0,17412.0,Europe,9528000.0
Belgium,Residence,Both,2008,100275.0,,Europe,10709973.0
Bulgaria,Residence,Both,2008,2112.0,1236.0,Europe,7492561.0
Croatia,Residence,Both,2008,7488.0,,Europe,4434508.0
Cyprus,Residence,Both,2008,10500.0,,Asia,1077010.0
Czech Republic,Residence,Both,2008,51478.0,108267.0,Europe,10384603.0
Denmark,Residence,Both,2008,38356.0,57357.0,Europe,5493621.0
Estonia,Residence,Both,2008,4406.0,3671.0,Europe,1337090.0
Finland,Residence,Both,2008,13657.0,29114.0,Europe,5313399.0
France,Residence,Both,2008,239796.0,296608.0,Europe,64374990.0
Germany,Residence,Both,2008,737889.0,682146.0,Europe,82110097.0
Greece,Residence,Both,2008,43044.0,66529.0,Europe,11077841.0
Hungary,Residence,Both,2008,9591.0,37652.0,Europe,10038188.0
Iceland,Residence,Both,2008,9144.0,10288.0,Europe,317414.0
Ireland,Residence,Both,2008,65934.0,82592.0,Europe,4489544.0
Italy,Residence,Both,2008,80947.0,534712.0,Europe,58826731.0
Kazakhstan,Residence,Both,2008,45287.0,44975.0,Asia,15674000.0
Kyrgyz Republic,Residence,Both,2008,41287.0,3497.0,Asia,5318700.0
Latvia,Residence,Both,2008,27045.0,4678.0,Europe,2177322.0
Lithuania,Residence,Both,2008,25750.0,9297.0,Europe,3198231.0
Luxembourg,Residence,Both,2008,10058.0,17758.0,Europe,488650.0
Malta,Residence,Both,2008,3719.0,6043.0,Europe,409379.0
Netherlands,Residence,Both,2008,90067.0,143516.0,Europe,16445593.0
Norway,Residence,Both,2008,12976.0,58123.0,Europe,4768212.0
Poland,Residence,Both,2008,74338.0,15379.0,Europe,38125759.0
Portugal,Residence,Both,2008,20357.0,29718.0,Europe,10558177.0
Romania,Residence,Both,2008,302796.0,138929.0,Europe,20537875.0
Russian Federation,Residence,Both,2008,39508.0,281614.0,Europe,142742350.0
Slovak Republic,Residence,Both,2008,4857.0,17820.0,Europe,5379233.0
Slovenia,Residence,Both,2008,12109.0,30693.0,Europe,2021316.0
Spain,Residence,Both,2008,288432.0,599075.0,Europe,45954106.0
Sweden,Residence,Both,2008,45294.0,101171.0,Europe,9219637.0
Macedonia,Residence,Both,2008,751.0,,Europe,2055266.0
United Kingdom,Residence,Both,2008,427207.0,590242.0,Europe,61806995.0
Armenia,Residence,Both,2009,4100.0,861.0,Asia,2966108.0
Austria,Residence,Both,2009,53244.0,69295.0,Europe,8343323.0
Azerbaijan,Residence,Both,2009,1373.0,2292.0,Asia,8947243.0
Belarus,Residence,Both,2009,7643.0,19891.0,Europe,9507000.0
Cyprus,Residence,Both,2009,9829.0,,Asia,1090486.0
Czech Republic,Residence,Both,2009,61782.0,75620.0,Europe,10443936.0
Denmark,Residence,Both,2009,39899.0,51800.0,Europe,5523095.0
Estonia,Residence,Both,2009,4658.0,3884.0,Europe,1334515.0
Finland,Residence,Both,2009,12151.0,26699.0,Europe,5338871.0
France,Residence,Both,2009,264631.0,296970.0,Europe,64707044.0
Germany,Residence,Both,2009,286582.0,346216.0,Europe,81902307.0
Greece,Residence,Both,2009,43686.0,58613.0,Europe,11107017.0
Hungary,Residence,Both,2009,10483.0,27894.0,Europe,10022650.0
Iceland,Residence,Both,2009,6874.0,3921.0,Europe,318499.0
Ireland,Residence,Both,2009,69672.0,50604.0,Europe,4535375.0
Italy,Residence,Both,2009,80597.0,442940.0,Europe,59095365.0
Kazakhstan,Residence,Both,2009,33983.0,42032.0,Asia,16092701.0
Latvia,Residence,Both,2009,38208.0,3731.0,Europe,2141669.0
Lithuania,Residence,Both,2009,38500.0,6487.0,Europe,3162916.0
Luxembourg,Residence,Both,2009,9168.0,15751.0,Europe,497783.0
Malta,Residence,Both,2009,3868.0,6161.0,Europe,412477.0
Norway,Residence,Both,2009,17072.0,55953.0,Europe,4828726.0
Poland,Residence,Both,2009,229320.0,189166.0,Europe,38151603.0
Portugal,Residence,Both,2009,16899.0,32307.0,Europe,10568247.0
Romania,Residence,Both,2009,246626.0,8606.0,Europe,20367487.0
Russian Federation,Residence,Both,2009,32458.0,279907.0,Europe,142785342.0
Slovak Republic,Residence,Both,2009,4753.0,15643.0,Europe,5386406.0
Slovenia,Residence,Both,2009,18788.0,30296.0,Europe,2039669.0
Spain,Residence,Both,2009,380121.0,392962.0,Europe,46362946.0
Sweden,Residence,Both,2009,39259.0,102280.0,Europe,9298515.0
United Kingdom,Residence,Both,2009,368177.0,566514.0,Europe,62276270.0
Austria,Residence,Both,2010,51651.0,70978.0,Europe,8363404.0
Belgium,Residence,Both,2010,66013.0,135281.0,Europe,10895586.0
Cyprus,Residence,Both,2010,4293.0,20206.0,Asia,1103685.0
Czech Republic,Residence,Both,2010,61069.0,48317.0,Europe,10474410.0
Denmark,Residence,Both,2010,41456.0,52236.0,Europe,5547683.0
Estonia,Residence,Both,2010,5294.0,2810.0,Europe,1331475.0
Finland,Residence,Both,2010,11905.0,25636.0,Europe,5363352.0
France,Residence,Both,2010,269531.0,307111.0,Europe,65027512.0
Germany,Residence,Both,2010,252456.0,404055.0,Europe,81776930.0
Greece,Residence,Both,2010,62041.0,60462.0,Europe,11121341.0
Hungary,Residence,Both,2010,13365.0,25519.0,Europe,10000023.0
Iceland,Residence,Both,2010,5459.0,3948.0,Europe,318041.0
Ireland,Residence,Both,2010,78099.0,52339.0,Europe,4560155.0
Italy,Residence,Both,2010,78771.0,458856.0,Europe,59277417.0
Latvia,Residence,Both,2010,39651.0,4011.0,Europe,2097555.0
Liechtenstein,Residence,Both,2010,428.0,591.0,Europe,36276.0
Lithuania,Residence,Both,2010,83157.0,5213.0,Europe,3097282.0
Luxembourg,Residence,Both,2010,9302.0,16962.0,Europe,506953.0
Malta,Residence,Both,2010,4201.0,4275.0,Europe,414508.0
Norway,Residence,Both,2010,25835.0,69214.0,Europe,4889252.0
Poland,Residence,Both,2010,218126.0,155131.0,Europe,38042794.0
Portugal,Residence,Both,2010,23760.0,27575.0,Europe,10573100.0
Romania,Residence,Both,2010,197985.0,149885.0,Europe,20246871.0
Russian Federation,Residence,Both,2010,33577.0,191656.0,Europe,142849449.0
Slovak Republic,Residence,Both,2010,4447.0,13770.0,Europe,5391428.0
Slovenia,Residence,Both,2010,15937.0,15416.0,Europe,2048583.0
Spain,Residence,Both,2010,403377.0,360705.0,Europe,46576897.0
Sweden,Residence,Both,2010,48890.0,98801.0,Europe,9378126.0
United Kingdom,Residence,Both,2010,339306.0,590950.0,Europe,62766365.0
Austria,Residence,Both,2011,51197.0,82230.0,Europe,8391643.0
Belgium,Residence,Both,2011,67475.0,144698.0,Europe,11047744.0
Croatia,Residence,Both,2011,12699.0,8534.0,Europe,4280622.0
Cyprus,Residence,Both,2011,4895.0,23037.0,Asia,1116644.0
Czech Republic,Residence,Both,2011,55910.0,27114.0,Europe,10496088.0
Denmark,Residence,Both,2011,41593.0,52833.0,Europe,5570572.0
Estonia,Residence,Both,2011,6214.0,3709.0,Europe,1327439.0
Finland,Residence,Both,2011,12660.0,29481.0,Europe,5388272.0
France,Residence,Both,2011,291594.0,319816.0,Europe,65342776.0
Germany,Residence,Both,2011,249045.0,489422.0,Europe,81797673.0
Greece,Residence,Both,2011,92404.0,60089.0,Europe,11104899.0
Hungary,Residence,Both,2011,15100.0,28018.0,Europe,9971727.0
Iceland,Residence,Both,2011,4812.0,4073.0,Europe,319014.0
Ireland,Residence,Both,2011,87053.0,53224.0,Europe,4576794.0
Italy,Residence,Both,2011,82461.0,385793.0,Europe,59379449.0
Latvia,Residence,Both,2011,30311.0,10234.0,Europe,2059709.0
Liechtenstein,Residence,Both,2011,467.0,650.0,Europe,36537.0
Lithuania,Residence,Both,2011,53863.0,15685.0,Europe,3028115.0
Luxembourg,Residence,Both,2011,9264.0,20268.0,Europe,518347.0
Malta,Residence,Both,2011,3806.0,5465.0,Europe,416268.0
Norway,Residence,Both,2011,20349.0,70337.0,Europe,4953088.0
Poland,Residence,Both,2011,265798.0,157059.0,Europe,38063255.0
Portugal,Residence,Both,2011,43998.0,19667.0,Europe,10557560.0
Romania,Residence,Both,2011,195551.0,147685.0,Europe,20147528.0
Slovak Republic,Residence,Both,2011,1863.0,4829.0,Europe,5398384.0
Slovenia,Residence,Both,2011,12024.0,14083.0,Europe,2052843.0
Spain,Residence,Both,2011,409034.0,371331.0,Europe,46742697.0
Sweden,Residence,Both,2011,51224.0,96467.0,Europe,9449213.0
Macedonia,Residence,Both,2011,1290.0,1464.0,Europe,2065888.0
United Kingdom,Residence,Both,2011,350703.0,566044.0,Europe,63258918.0
Austria,Residence,Both,2012,51812.0,91557.0,Europe,8429991.0
Belgium,Residence,Both,2012,74720.0,147387.0,Europe,11128246.0
Bulgaria,Residence,Both,2012,16615.0,14103.0,Europe,7305888.0
Croatia,Residence,Both,2012,12877.0,8959.0,Europe,4267558.0
Cyprus,Residence,Both,2012,18105.0,17476.0,Asia,1129303.0
Czech Republic,Residence,Both,2012,46106.0,34337.0,Europe,10510785.0
Denmark,Residence,Both,2012,43663.0,54409.0,Europe,5591572.0
Estonia,Residence,Both,2012,6321.0,2639.0,Europe,1322696.0
Finland,Residence,Both,2012,13845.0,31278.0,Europe,5413971.0
France,Residence,Both,2012,295551.0,327431.0,Europe,65659790.0
Germany,Residence,Both,2012,240001.0,592175.0,Europe,80425823.0
Greece,Residence,Both,2012,124694.0,58200.0,Europe,11045011.0
Hungary,Residence,Both,2012,22880.0,33702.0,Europe,9920362.0
Iceland,Residence,Both,2012,4758.0,4960.0,Europe,320716.0
Ireland,Residence,Both,2012,89436.0,54439.0,Europe,4586897.0
Italy,Residence,Both,2012,106216.0,350772.0,Europe,59539717.0
Latvia,Residence,Both,2012,25163.0,13303.0,Europe,2034319.0
Liechtenstein,Residence,Both,2012,439.0,671.0,Europe,36791.0
Lithuania,Residence,Both,2012,41100.0,19843.0,Europe,2987773.0
Luxembourg,Residence,Both,2012,10442.0,20478.0,Europe,530946.0
Malta,Residence,Both,2012,4005.0,7111.0,Europe,419455.0
Netherlands,Residence,Both,2012,110431.0,124566.0,Europe,16754962.0
Norway,Residence,Both,2012,22693.0,69908.0,Europe,5018573.0
Poland,Residence,Both,2012,275603.0,217546.0,Europe,38063164.0
Portugal,Residence,Both,2012,51958.0,14606.0,Europe,10514844.0
Romania,Residence,Both,2012,170186.0,167266.0,Europe,20058035.0
Slovak Republic,Residence,Both,2012,2003.0,5419.0,Europe,5407579.0
Slovenia,Residence,Both,2012,14378.0,15022.0,Europe,2057159.0
Spain,Residence,Both,2012,446606.0,304053.0,Europe,46773055.0
Sweden,Residence,Both,2012,51815.0,103059.0,Europe,9519374.0
Switzerland,Residence,Both,2012,103881.0,149051.0,Europe,7996861.0
Macedonia,Residence,Both,2012,1415.0,1715.0,Europe,2069270.0
United Kingdom,Residence,Both,2012,321217.0,498040.0,Europe,63700300.0
Austria,Residence,Both,2013,54071.0,101866.0,Europe,8479375.0
Belgium,Residence,Both,2013,90800.0,118256.0,Europe,11182817.0
Bulgaria,Residence,Both,2013,19678.0,18570.0,Europe,7265115.0
Croatia,Residence,Both,2013,15262.0,10378.0,Europe,4255689.0
Cyprus,Residence,Both,2013,25227.0,13149.0,Asia,1141652.0
Czech Republic,Residence,Both,2013,25894.0,30124.0,Europe,10514272.0
Denmark,Residence,Both,2013,43310.0,60312.0,Europe,5614932.0
Estonia,Residence,Both,2013,6740.0,4109.0,Europe,1317997.0
Finland,Residence,Both,2013,13893.0,31941.0,Europe,5438972.0
France,Residence,Both,2013,300760.0,332640.0,Europe,65972097.0
Germany,Residence,Both,2013,259328.0,692713.0,Europe,82132753.0
Greece,Residence,Both,2013,117094.0,57946.0,Europe,10965211.0
Hungary,Residence,Both,2013,34691.0,38968.0,Europe,9893082.0
Iceland,Residence,Both,2013,4372.0,6406.0,Europe,323764.0
Ireland,Residence,Both,2013,83791.0,59294.0,Europe,4598294.0
Italy,Residence,Both,2013,125735.0,307454.0,Europe,60233948.0
Latvia,Residence,Both,2013,22561.0,8299.0,Europe,2012647.0
Liechtenstein,Residence,Both,2013,497.0,696.0,Europe,37040.0
Lithuania,Residence,Both,2013,38818.0,22011.0,Europe,2957689.0
Luxembourg,Residence,Both,2013,10750.0,21098.0,Europe,543360.0
Malta,Residence,Both,2013,5204.0,8428.0,Europe,423374.0
Netherlands,Residence,Both,2013,112625.0,129428.0,Europe,16804432.0
Norway,Residence,Both,2013,26523.0,68313.0,Europe,5079623.0
Poland,Residence,Both,2013,276446.0,220311.0,Europe,38040196.0
Portugal,Residence,Both,2013,53786.0,17554.0,Europe,10457295.0
Romania,Residence,Both,2013,161755.0,153646.0,Europe,19983693.0
Slovak Republic,Residence,Both,2013,2770.0,5149.0,Europe,5413393.0
Slovenia,Residence,Both,2013,13384.0,13871.0,Europe,2059953.0
Spain,Residence,Both,2013,532303.0,280772.0,Europe,46620045.0
Sweden,Residence,Both,2013,50769.0,115845.0,Europe,9600379.0
Switzerland,Residence,Both,2013,106196.0,160157.0,Europe,8089346.0
United Kingdom,Residence,Both,2013,316934.0,526046.0,Europe,64128226.0
New Zealand,Residence,Foreigners,1980,68849.0,45256.0,Australia,3112900.0
New Zealand,Residence,Foreigners,1981,61768.0,45036.0,Australia,3124900.0
New Zealand,Residence,Foreigners,1982,47217.0,45675.0,Australia,3156100.0
New Zealand,Residence,Foreigners,1983,33871.0,42156.0,Australia,3199300.0
New Zealand,Residence,Foreigners,1984,40194.0,37053.0,Australia,3227100.0
New Zealand,Residence,Foreigners,1985,54737.0,35395.0,Australia,3247100.0
New Zealand,Residence,Foreigners,1986,60381.0,41629.0,Australia,3246300.0
New Zealand,Residence,Foreigners,1987,59633.0,48373.0,Australia,3274400.0
New Zealand,Residence,Foreigners,1988,70725.0,46529.0,Australia,3283400.0
New Zealand,Residence,Foreigners,1989,61535.0,49260.0,Australia,3299200.0
New Zealand,Residence,Foreigners,1990,47514.0,56482.0,Australia,3329800.0
New Zealand,Residence,Foreigners,1991,44181.0,50578.0,Australia,3495100.0
New Zealand,Residence,Foreigners,1992,43504.0,48144.0,Australia,3531700.0
New Zealand,Residence,Foreigners,1993,41096.0,55081.0,Australia,3572200.0
New Zealand,Residence,Foreigners,1994,44525.0,64382.0,Australia,3620000.0
New Zealand,Residence,Foreigners,1995,49077.0,77563.0,Australia,3673400.0
New Zealand,Residence,Foreigners,1996,54212.0,79005.0,Australia,3732000.0
New Zealand,Residence,Foreigners,1997,60012.0,67636.0,Australia,3781300.0
New Zealand,Residence,Foreigners,1998,64485.0,58220.0,Australia,3815000.0
New Zealand,Residence,Foreigners,1999,68772.0,59743.0,Australia,3835100.0
New Zealand,Residence,Foreigners,2000,74306.0,62994.0,Australia,3857700.0
New Zealand,Residence,Foreigners,2001,71368.0,81094.0,Australia,3880500.0
New Zealand,Residence,Foreigners,2002,57753.0,95951.0,Australia,3948500.0
New Zealand,Residence,Foreigners,2003,57754.0,92660.0,Australia,4027200.0
New Zealand,Residence,Foreigners,2004,65371.0,80479.0,Australia,4087500.0
New Zealand,Residence,Foreigners,2005,71992.0,78963.0,Australia,4133900.0
New Zealand,Residence,Foreigners,2006,68123.0,82732.0,Australia,4184600.0
New Zealand,Residence,Foreigners,2007,77081.0,82572.0,Australia,4223800.0
New Zealand,Residence,Foreigners,2008,83649.0,87463.0,Australia,4259800.0
New Zealand,Residence,Foreigners,2009,65157.0,86410.0,Australia,4302600.0
New Zealand,Residence,Foreigners,2010,72018.0,82469.0,Australia,4350700.0
New Zealand,Residence,Foreigners,2011,86042.0,84187.0,Australia,4384000.0
New Zealand,Residence,Foreigners,2012,86420.0,85255.0,Australia,4408100.0
New Zealand,Residence,Foreigners,2013,71497.0,93965.0,Australia,4442100.0
Belgium,Residence,Both,1980,,54694.0,Europe,9859242.0
Iceland,Residence,Both,1980,,1796.0,Europe,228138.0
Luxembourg,Residence,Both,1980,,5080.0,Europe,364150.0
Netherlands,Residence,Both,1980,,112504.0,Europe,14149800.0
Spain,Residence,Both,1980,,20859.0,Europe,37439035.0
United Kingdom,Residence,Both,1980,,173000.0,Europe,56314216.0
Belgium,Residence,Both,1981,,49298.0,Europe,9858982.0
Iceland,Residence,Both,1981,,2161.0,Europe,230755.0
Italy,Residence,Both,1981,,91495.0,Europe,56501675.0
Luxembourg,Residence,Both,1981,,5336.0,Europe,365225.0
Netherlands,Residence,Both,1981,,80183.0,Europe,14247208.0
Spain,Residence,Both,1981,,9401.0,Europe,37740556.0
United Kingdom,Residence,Both,1981,,153000.0,Europe,56333829.0
Belgium,Residence,Both,1982,,44659.0,Europe,9856303.0
Iceland,Residence,Both,1982,,2293.0,Europe,233860.0
Italy,Residence,Both,1982,,100100.0,Europe,56543548.0
Luxembourg,Residence,Both,1982,,5367.0,Europe,365525.0
Netherlands,Residence,Both,1982,,70740.0,Europe,14312690.0
Spain,Residence,Both,1982,,15969.0,Europe,37942805.0
United Kingdom,Residence,Both,1982,,201000.0,Europe,56313641.0
Belgium,Residence,Both,1983,,43657.0,Europe,9855520.0
Iceland,Residence,Both,1983,,2154.0,Europe,236977.0
Italy,Residence,Both,1983,,98330.0,Europe,56564074.0
Luxembourg,Residence,Both,1983,,5427.0,Europe,365622.0
Netherlands,Residence,Both,1983,,66762.0,Europe,14367070.0
Spain,Residence,Both,1983,,17477.0,Europe,38122429.0
United Kingdom,Residence,Both,1983,,202000.0,Europe,56332848.0
Belgium,Residence,Both,1984,,47002.0,Europe,9855372.0
Iceland,Residence,Both,1984,,1939.0,Europe,239511.0
Italy,Residence,Both,1984,,86915.0,Europe,56576718.0
Luxembourg,Residence,Both,1984,,5340.0,Europe,365998.0
Netherlands,Residence,Both,1984,,66907.0,Europe,14424211.0
Spain,Residence,Both,1984,,17205.0,Europe,38278575.0
United Kingdom,Residence,Both,1984,,201000.0,Europe,56422072.0
Belgium,Residence,Both,1985,,47042.0,Europe,9858308.0
Greece,Residence,Both,1985,,33729.0,Europe,9934300.0
Iceland,Residence,Both,1985,,1827.0,Europe,241405.0
Italy,Residence,Both,1985,,82183.0,Europe,56593071.0
Luxembourg,Residence,Both,1985,,6582.0,Europe,366706.0
Netherlands,Residence,Both,1985,,79362.0,Europe,14491632.0
Spain,Residence,Both,1985,,20103.0,Europe,38418817.0
United Kingdom,Residence,Both,1985,,232000.0,Europe,56550268.0
Belgium,Residence,Both,1986,,48959.0,Europe,9861823.0
Greece,Residence,Both,1986,,30569.0,Europe,9967213.0
Luxembourg,Residence,Both,1986,,7448.0,Europe,368355.0
Netherlands,Residence,Both,1986,,87387.0,Europe,14572278.0
Spain,Residence,Both,1986,,14088.0,Europe,38535617.0
United Kingdom,Residence,Both,1986,,250000.0,Europe,56681396.0
Belgium,Residence,Both,1987,,49750.0,Europe,9870234.0
Greece,Residence,Both,1987,,34787.0,Europe,10000595.0
Luxembourg,Residence,Both,1987,,8248.0,Europe,370750.0
Netherlands,Residence,Both,1987,,95935.0,Europe,14665037.0
Spain,Residence,Both,1987,,16863.0,Europe,38630820.0
United Kingdom,Residence,Both,1987,,211000.0,Europe,56802050.0
Belgium,Residence,Both,1988,,48484.0,Europe,9901664.0
Greece,Residence,Both,1988,,37322.0,Europe,10036983.0
Luxembourg,Residence,Both,1988,,9064.0,Europe,373450.0
Netherlands,Residence,Both,1988,,91238.0,Europe,14760094.0
Spain,Residence,Both,1988,,24380.0,Europe,38715849.0
United Kingdom,Residence,Both,1988,,216000.0,Europe,56928327.0
Belgium,Residence,Both,1989,,54169.0,Europe,9937697.0
Greece,Residence,Both,1989,,38644.0,Europe,10089498.0
Luxembourg,Residence,Both,1989,,9143.0,Europe,377100.0
Netherlands,Residence,Both,1989,,98914.0,Europe,14848907.0
Spain,Residence,Both,1989,,33910.0,Europe,38791473.0
United Kingdom,Residence,Both,1989,,250000.0,Europe,57076711.0
Belgium,Residence,Both,1990,,62662.0,Europe,9967379.0
Greece,Residence,Both,1990,,42021.0,Europe,10196792.0
Latvia,Residence,Both,1990,,32285.0,Europe,2663151.0
Luxembourg,Residence,Both,1990,,10281.0,Europe,381850.0
Netherlands,Residence,Both,1990,,117350.0,Europe,14951510.0
Poland,Residence,Both,1990,,2626.0,Europe,38110782.0
Slovenia,Residence,Both,1990,,7075.0,Europe,1998161.0
Spain,Residence,Both,1990,,33966.0,Europe,38850435.0
United Kingdom,Residence,Both,1990,,267000.0,Europe,57247586.0
Belgium,Residence,Both,1991,,67460.0,Europe,10004486.0
Croatia,Residence,Both,1991,,10050.0,Europe,4510000.0
Greece,Residence,Both,1991,,24346.0,Europe,10319927.0
Latvia,Residence,Both,1991,,14684.0,Europe,2650581.0
Luxembourg,Residence,Both,1991,,10913.0,Europe,387000.0
Netherlands,Residence,Both,1991,,120249.0,Europe,15069798.0
Poland,Residence,Both,1991,,5040.0,Europe,38246193.0
Slovenia,Residence,Both,1991,,5989.0,Europe,1999429.0
Spain,Residence,Both,1991,,24320.0,Europe,38939049.0
United Kingdom,Residence,Both,1991,,267000.0,Europe,57424897.0
Belgium,Residence,Both,1992,,66763.0,Europe,10045158.0
Cyprus,Residence,Both,1992,,9994.0,Asia,800660.0
Estonia,Residence,Both,1992,,2587.0,Europe,1533091.0
Greece,Residence,Both,1992,,32133.0,Europe,10399061.0
Latvia,Residence,Both,1992,,6199.0,Europe,2614338.0
Lithuania,Residence,Both,1992,,6640.0,Europe,3700114.0
Luxembourg,Residence,Both,1992,,10696.0,Europe,392175.0
Netherlands,Residence,Both,1992,,116926.0,Europe,15184166.0
Poland,Residence,Both,1992,,6515.0,Europe,38363667.0
Portugal,Residence,Both,1992,,13735.0,Europe,9952494.0
Slovenia,Residence,Both,1992,,3461.0,Europe,1996498.0
Spain,Residence,Both,1992,,38882.0,Europe,39067745.0
United Kingdom,Residence,Both,1992,,216000.0,Europe,57580402.0
Belgium,Residence,Both,1993,,63749.0,Europe,10084475.0
Estonia,Residence,Both,1993,,1967.0,Europe,1494128.0
Greece,Residence,Both,1993,,27472.0,Europe,10460415.0
Latvia,Residence,Both,1993,,4114.0,Europe,2563290.0
Lithuania,Residence,Both,1993,,2850.0,Europe,3682613.0
Luxembourg,Residence,Both,1993,,9857.0,Europe,397475.0
Netherlands,Residence,Both,1993,,119154.0,Europe,15290368.0
Poland,Residence,Both,1993,,5924.0,Europe,38461408.0
Portugal,Residence,Both,1993,,9852.0,Europe,9964675.0
Slovenia,Residence,Both,1993,,2745.0,Europe,1991746.0
Spain,Residence,Both,1993,,33026.0,Europe,39189400.0
United Kingdom,Residence,Both,1993,,209000.0,Europe,57718614.0
Estonia,Residence,Both,1994,,1396.0,Europe,1462514.0
Latvia,Residence,Both,1994,,3046.0,Europe,2520742.0
Lithuania,Residence,Both,1994,,1664.0,Europe,3657144.0
Luxembourg,Residence,Both,1994,,10030.0,Europe,402925.0
Netherlands,Residence,Both,1994,,92143.0,Europe,15382838.0
Portugal,Residence,Both,1994,,5653.0,Europe,9991525.0
Slovenia,Residence,Both,1994,,1919.0,Europe,1989443.0
Spain,Residence,Both,1994,,34123.0,Europe,39294967.0
United Kingdom,Residence,Both,1994,,253000.0,Europe,57865745.0
Estonia,Residence,Both,1995,,1229.0,Europe,1436634.0
Greece,Residence,Both,1995,,20859.0,Europe,10562153.0
Lithuania,Residence,Both,1995,,2020.0,Europe,3629102.0
Luxembourg,Residence,Both,1995,,10325.0,Europe,408625.0
Netherlands,Residence,Both,1995,,96099.0,Europe,15459006.0
Portugal,Residence,Both,1995,,5025.0,Europe,10026176.0
Slovenia,Residence,Both,1995,,5879.0,Europe,1989872.0
Spain,Residence,Both,1995,,36092.0,Europe,39387017.0
Switzerland,Residence,Both,1995,,113696.0,Europe,7040687.0
United Kingdom,Residence,Both,1995,,245000.0,Europe,58019030.0
Austria,Residence,Both,1996,,69930.0,Europe,7959017.0
Estonia,Residence,Both,1996,,1114.0,Europe,1415594.0
Greece,Residence,Both,1996,,22214.0,Europe,10608800.0
Lithuania,Residence,Both,1996,,3025.0,Europe,3601613.0
Luxembourg,Residence,Both,1996,,10027.0,Europe,414225.0
Netherlands,Residence,Both,1996,,108749.0,Europe,15530498.0
Portugal,Residence,Both,1996,,3644.0,Europe,10063945.0
Slovenia,Residence,Both,1996,,9495.0,Europe,1988628.0
Spain,Residence,Both,1996,,29895.0,Europe,39478186.0
Macedonia,Residence,Both,1996,,850.0,Europe,1958303.0
United Kingdom,Residence,Both,1996,,258000.0,Europe,58166950.0
Austria,Residence,Both,1997,,70122.0,Europe,7968041.0
Cyprus,Residence,Both,1997,,6149.0,Asia,890733.0
Estonia,Residence,Both,1997,,1156.0,Europe,1399535.0
Greece,Residence,Both,1997,,22078.0,Europe,10661259.0
Lithuania,Residence,Both,1997,,2536.0,Europe,3575137.0
Malta,Residence,Both,1997,,937.0,Europe,375236.0
Netherlands,Residence,Both,1997,,109860.0,Europe,15610650.0
Portugal,Residence,Both,1997,,3298.0,Europe,10108977.0
Slovenia,Residence,Both,1997,,7889.0,Europe,1985956.0
Spain,Residence,Both,1997,,57877.0,Europe,39582413.0
United Kingdom,Residence,Both,1997,,285000.0,Europe,58316954.0
Greece,Residence,Both,1998,,12630.0,Europe,10720509.0
Spain,Residence,Both,1998,,81227.0,Europe,39721108.0
Switzerland,Residence,Both,1998,,95955.0,Europe,7110001.0
Cyprus,Residence,Both,1999,,8523.0,Asia,925491.0
France,Residence,Both,1999,,57846.0,Europe,60496715.0
Spain,Residence,Both,1999,,127365.0,Europe,39926268.0
Cyprus,Residence,Both,2000,,12764.0,Asia,943287.0
Spain,Residence,Both,2000,,362468.0,Europe,40263216.0
United Kingdom,Residence,Both,2000,,364370.0,Europe,58892514.0
Austria,Residence,Both,2001,,89928.0,Europe,8042293.0
Croatia,Residence,Both,2001,,24415.0,Europe,4440000.0
Cyprus,Residence,Both,2001,,17485.0,Asia,961482.0
Malta,Residence,Both,2001,,162.0,Europe,393028.0
Norway,Residence,Both,2001,,34264.0,Europe,4513751.0
Spain,Residence,Both,2001,,414772.0,Europe,40756001.0
Macedonia,Residence,Both,2001,,458.0,Europe,2021585.0
United Kingdom,Residence,Both,2001,,372205.0,Europe,59119673.0
Switzerland,Residence,Both,2002,,126080.0,Europe,7284753.0
Macedonia,Residence,Both,2002,,2259.0,Europe,2028706.0
Iceland,Residence,Both,2003,,3704.0,Europe,289521.0
Switzerland,Residence,Both,2003,,119783.0,Europe,7339001.0
Liechtenstein,Residence,Both,2008,,578.0,Europe,35721.0
Bulgaria,Residence,Both,2009,,3249.0,Europe,7444443.0
Liechtenstein,Residence,Both,2009,,584.0,Europe,36004.0
Netherlands,Residence,Both,2009,,122917.0,Europe,16530388.0
Netherlands,Residence,Both,2010,,126776.0,Europe,16615394.0
Netherlands,Residence,Both,2011,,130118.0,Europe,16693074.0
Switzerland,Residence,Both,2011,,148799.0,Europe,7912398.0
Canada,Citizenship,Foreigners,1980,,143137.0,North America,24593000.0
Canada,Citizenship,Foreigners,1981,,128641.0,North America,24900000.0
Canada,Citizenship,Foreigners,1982,,121175.0,North America,25202000.0
Canada,Citizenship,Foreigners,1983,,89185.0,North America,25456000.0
Canada,Citizenship,Foreigners,1984,,88272.0,North America,25702000.0
Canada,Citizenship,Foreigners,1985,,84346.0,North America,25942000.0
Canada,Citizenship,Foreigners,1986,,99351.0,North America,26204000.0
Canada,Citizenship,Foreigners,1987,,152075.0,North America,26550000.0
Canada,Citizenship,Foreigners,1988,,161585.0,North America,26895000.0
Canada,Citizenship,Foreigners,1989,,191550.0,North America,27379000.0
Canada,Citizenship,Foreigners,1990,,216448.0,North America,27791000.0
Canada,Citizenship,Foreigners,1991,,232799.0,North America,28171682.0
Canada,Citizenship,Foreigners,1992,,254783.0,North America,28519597.0
Canada,Citizenship,Foreigners,1993,,256635.0,North America,28833410.0
Canada,Citizenship,Foreigners,1994,,224381.0,North America,29111906.0
Canada,Citizenship,Foreigners,1995,,212863.0,North America,29354000.0
Canada,Citizenship,Foreigners,1996,,226070.0,North America,29671900.0
Canada,Citizenship,Foreigners,1997,,216036.0,North America,29987200.0
Canada,Citizenship,Foreigners,1998,,174195.0,North America,30247900.0
Canada,Citizenship,Foreigners,1999,,189950.0,North America,30499200.0
Canada,Citizenship,Foreigners,2000,,227455.0,North America,30769700.0
Canada,Citizenship,Foreigners,2001,,250636.0,North America,31081900.0
Canada,Citizenship,Foreigners,2002,,229049.0,North America,31362000.0
Canada,Citizenship,Foreigners,2003,,221349.0,North America,31676000.0
Canada,Citizenship,Foreigners,2004,,235822.0,North America,31995000.0
Canada,Citizenship,Foreigners,2005,,262242.0,North America,32312000.0
Canada,Citizenship,Foreigners,2006,,251640.0,North America,32570505.0
Canada,Citizenship,Foreigners,2007,,236753.0,North America,32887928.0
Canada,Citizenship,Foreigners,2008,,247244.0,North America,33245773.0
Canada,Citizenship,Foreigners,2009,,252170.0,North America,33628571.0
Canada,Citizenship,Foreigners,2010,,280687.0,North America,34005274.0
Canada,Citizenship,Foreigners,2011,,248747.0,North America,34342780.0
Canada,Citizenship,Foreigners,2012,,257902.0,North America,34751476.0
Canada,Citizenship,Foreigners,2013,,259019.0,North America,35155499.0
United States,Place of birth,Foreigners,1980,,530639.0,North America,227225000.0
United States,Place of birth,Foreigners,1981,,596600.0,North America,229466000.0
United States,Place of birth,Foreigners,1982,,594131.0,North America,231664000.0
United States,Place of birth,Foreigners,1983,,559763.0,North America,233792000.0
United States,Place of birth,Foreigners,1984,,543903.0,North America,235825000.0
United States,Place of birth,Foreigners,1985,,570009.0,North America,237924000.0
United States,Place of birth,Foreigners,1986,,601708.0,North America,240133000.0
United States,Place of birth,Foreigners,1987,,601516.0,North America,242289000.0
United States,Place of birth,Foreigners,1988,,643025.0,North America,244499000.0
United States,Place of birth,Foreigners,1989,,1090924.0,North America,246819000.0
United States,Place of birth,Foreigners,1990,,1536483.0,North America,249623000.0
United States,Place of birth,Foreigners,1991,,1827167.0,North America,252981000.0
United States,Place of birth,Foreigners,1992,,973975.0,North America,256514000.0
United States,Place of birth,Foreigners,1993,,904292.0,North America,259919000.0
United States,Place of birth,Foreigners,1994,,804416.0,North America,263126000.0
United States,Place of birth,Foreigners,1995,,720459.0,North America,266278000.0
United States,Place of birth,Foreigners,1996,,915560.0,North America,269394000.0
United States,Place of birth,Foreigners,1997,,797847.0,North America,272657000.0
United States,Place of birth,Foreigners,1998,,653206.0,North America,275854000.0
United States,Place of birth,Foreigners,1999,,644787.0,North America,279040000.0
United States,Place of birth,Foreigners,2000,,841002.0,North America,282162411.0
United States,Place of birth,Foreigners,2001,,1058902.0,North America,284968955.0
United States,Place of birth,Foreigners,2002,,1059356.0,North America,287625193.0
United States,Place of birth,Foreigners,2003,,703542.0,North America,290107933.0
United States,Place of birth,Foreigners,2004,,957883.0,North America,292805298.0
United States,Place of birth,Foreigners,2005,,1122257.0,North America,295516599.0
United States,Place of birth,Foreigners,2006,,1266129.0,North America,298379912.0
United States,Place of birth,Foreigners,2007,,1052415.0,North America,301231207.0
United States,Place of birth,Foreigners,2008,,1107126.0,North America,304093966.0
United States,Place of birth,Foreigners,2009,,1130818.0,North America,306771529.0
United States,Place of birth,Foreigners,2010,,1042625.0,North America,309346863.0
United States,Place of birth,Foreigners,2011,,1062040.0,North America,311718857.0
United States,Place of birth,Foreigners,2012,,1031631.0,North America,314102623.0
United States,Place of birth,Foreigners,2013,,990553.0,North America,316427395.0
