Country,Criteria,Type,Coverage,Year,Migrants
Australia,Residence,Emigrants,Both,1980,90860
Australia,Residence,Immigrants,Both,1980,184290
Belgium,Residence,Immigrants,Both,1980,54694
Denmark,Residence,Emigrants,Both,1980,29913
Denmark,Residence,Immigrants,Both,1980,30311
Finland,Residence,Emigrants,Both,1980,14824
Finland,Residence,Immigrants,Both,1980,13626
Germany,Residence,Emigrants,Both,1980,439571
Germany,Residence,Immigrants,Both,1980,753436
Iceland,Residence,Immigrants,Both,1980,1796
Luxembourg,Residence,Immigrants,Both,1980,5080
Netherlands,Residence,Immigrants,Both,1980,112504
Norway,Residence,Emigrants,Both,1980,14705
Norway,Residence,Immigrants,Both,1980,18776
Spain,Residence,Immigrants,Both,1980,20859
Sweden,Residence,Emigrants,Both,1980,31066
Sweden,Residence,Immigrants,Both,1980,39426
United Kingdom,Residence,Immigrants,Both,1980,173000
Australia,Residence,Emigrants,Both,1981,85600
Australia,Residence,Immigrants,Both,1981,212690
Belgium,Residence,Immigrants,Both,1981,49298
Denmark,Residence,Emigrants,Both,1981,29719
Denmark,Residence,Immigrants,Both,1981,27874
Finland,Residence,Emigrants,Both,1981,10034
Finland,Residence,Immigrants,Both,1981,15771
Germany,Residence,Emigrants,Both,1981,470525
Germany,Residence,Immigrants,Both,1981,625053
Iceland,Residence,Immigrants,Both,1981,2161
Italy,Residence,Immigrants,Both,1981,91495
Luxembourg,Residence,Immigrants,Both,1981,5336
Netherlands,Residence,Immigrants,Both,1981,80183
Norway,Residence,Emigrants,Both,1981,14522
Norway,Residence,Immigrants,Both,1981,19698
Spain,Residence,Immigrants,Both,1981,9401
Sweden,Residence,Emigrants,Both,1981,29440
Sweden,Residence,Immigrants,Both,1981,32272
United Kingdom,Residence,Immigrants,Both,1981,153000
Australia,Residence,Emigrants,Both,1982,92340
Australia,Residence,Immigrants,Both,1982,195200
Belgium,Residence,Immigrants,Both,1982,44659
Denmark,Residence,Emigrants,Both,1982,28328
Denmark,Residence,Immigrants,Both,1982,28223
Finland,Residence,Emigrants,Both,1982,7402
Finland,Residence,Immigrants,Both,1982,14661
Germany,Residence,Emigrants,Both,1982,493495
Germany,Residence,Immigrants,Both,1982,420754
Iceland,Residence,Immigrants,Both,1982,2293
Italy,Residence,Immigrants,Both,1982,100100
Luxembourg,Residence,Immigrants,Both,1982,5367
Netherlands,Residence,Immigrants,Both,1982,70740
Norway,Residence,Emigrants,Both,1982,14728
Norway,Residence,Immigrants,Both,1982,20468
Spain,Residence,Immigrants,Both,1982,15969
Sweden,Residence,Emigrants,Both,1982,28381
Sweden,Residence,Immigrants,Both,1982,30381
United Kingdom,Residence,Immigrants,Both,1982,201000
Australia,Residence,Emigrants,Both,1983,100510
Australia,Residence,Immigrants,Both,1983,153570
Belgium,Residence,Immigrants,Both,1983,43657
Denmark,Residence,Emigrants,Both,1983,25999
Denmark,Residence,Immigrants,Both,1983,27718
Finland,Residence,Emigrants,Both,1983,6817
Finland,Residence,Immigrants,Both,1983,13629
Germany,Residence,Emigrants,Both,1983,487268
Germany,Residence,Immigrants,Both,1983,372027
Iceland,Residence,Immigrants,Both,1983,2154
Italy,Residence,Immigrants,Both,1983,98330
Luxembourg,Residence,Immigrants,Both,1983,5427
Netherlands,Residence,Immigrants,Both,1983,66762
Norway,Residence,Emigrants,Both,1983,15778
Norway,Residence,Immigrants,Both,1983,20063
Spain,Residence,Immigrants,Both,1983,17477
Sweden,Residence,Emigrants,Both,1983,25269
Sweden,Residence,Immigrants,Both,1983,27495
United Kingdom,Residence,Immigrants,Both,1983,202000
Australia,Residence,Emigrants,Both,1984,96360
Australia,Residence,Immigrants,Both,1984,153530
Belgium,Residence,Immigrants,Both,1984,47002
Denmark,Residence,Emigrants,Both,1984,25053
Denmark,Residence,Immigrants,Both,1984,29035
Finland,Residence,Emigrants,Both,1984,7467
Finland,Residence,Immigrants,Both,1984,11686
Germany,Residence,Emigrants,Both,1984,604832
Germany,Residence,Immigrants,Both,1984,457093
Iceland,Residence,Immigrants,Both,1984,1939
Italy,Residence,Immigrants,Both,1984,86915
Luxembourg,Residence,Immigrants,Both,1984,5340
Netherlands,Residence,Immigrants,Both,1984,66907
Norway,Residence,Emigrants,Both,1984,15927
Norway,Residence,Immigrants,Both,1984,19688
Spain,Residence,Immigrants,Both,1984,17205
Sweden,Residence,Emigrants,Both,1984,22825
Sweden,Residence,Immigrants,Both,1984,31486
United Kingdom,Residence,Immigrants,Both,1984,201000
Australia,Residence,Emigrants,Both,1985,93440
Australia,Residence,Immigrants,Both,1985,172550
Belgium,Residence,Immigrants,Both,1985,47042
Denmark,Residence,Emigrants,Both,1985,26715
Denmark,Residence,Immigrants,Both,1985,36214
Finland,Residence,Emigrants,Both,1985,7737
Finland,Residence,Immigrants,Both,1985,10465
Germany,Residence,Emigrants,Both,1985,425313
Germany,Residence,Immigrants,Both,1985,512108
Greece,Residence,Immigrants,Both,1985,33729
Iceland,Residence,Immigrants,Both,1985,1827
Italy,Residence,Immigrants,Both,1985,82183
Luxembourg,Residence,Immigrants,Both,1985,6582
Netherlands,Residence,Immigrants,Both,1985,79362
Norway,Residence,Emigrants,Both,1985,15630
Norway,Residence,Immigrants,Both,1985,21858
Spain,Residence,Immigrants,Both,1985,20103
Sweden,Residence,Emigrants,Both,1985,22036
Sweden,Residence,Immigrants,Both,1985,33127
United Kingdom,Residence,Immigrants,Both,1985,232000
Australia,Residence,Emigrants,Both,1986,92450
Australia,Residence,Immigrants,Both,1986,196690
Belgium,Residence,Immigrants,Both,1986,48959
Denmark,Residence,Emigrants,Both,1986,27928
Denmark,Residence,Immigrants,Both,1986,38932
Finland,Residence,Emigrants,Both,1986,8269
Finland,Residence,Immigrants,Both,1986,9927
Germany,Residence,Emigrants,Both,1986,407139
Germany,Residence,Immigrants,Both,1986,598479
Greece,Residence,Immigrants,Both,1986,30569
Iceland,Residence,Emigrants,Both,1986,2964
Iceland,Residence,Immigrants,Both,1986,2703
Italy,Residence,Emigrants,Both,1986,49775
Italy,Residence,Immigrants,Both,1986,75725
Luxembourg,Residence,Immigrants,Both,1986,7448
Netherlands,Residence,Immigrants,Both,1986,87387
Norway,Residence,Emigrants,Both,1986,16745
Norway,Residence,Immigrants,Both,1986,24196
Spain,Residence,Immigrants,Both,1986,14088
Sweden,Residence,Emigrants,Both,1986,24495
Sweden,Residence,Immigrants,Both,1986,39487
United Kingdom,Residence,Immigrants,Both,1986,250000
Australia,Residence,Emigrants,Both,1987,97770
Australia,Residence,Immigrants,Both,1987,221620
Belgium,Residence,Immigrants,Both,1987,49750
Denmark,Residence,Emigrants,Both,1987,30123
Denmark,Residence,Immigrants,Both,1987,36296
Finland,Residence,Emigrants,Both,1987,8475
Finland,Residence,Immigrants,Both,1987,9142
Germany,Residence,Emigrants,Both,1987,400816
Germany,Residence,Immigrants,Both,1987,614603
Greece,Residence,Immigrants,Both,1987,34787
Iceland,Residence,Emigrants,Both,1987,2408
Iceland,Residence,Immigrants,Both,1987,3616
Ireland,Residence,Emigrants,Both,1987,40200
Ireland,Residence,Immigrants,Both,1987,17000
Italy,Residence,Emigrants,Both,1987,43669
Italy,Residence,Immigrants,Both,1987,104459
Luxembourg,Residence,Immigrants,Both,1987,8248
Netherlands,Residence,Immigrants,Both,1987,95935
Norway,Residence,Emigrants,Both,1987,17380
Norway,Residence,Immigrants,Both,1987,31149
Spain,Residence,Immigrants,Both,1987,16863
Sweden,Residence,Emigrants,Both,1987,20673
Sweden,Residence,Immigrants,Both,1987,42666
United Kingdom,Residence,Immigrants,Both,1987,211000
Australia,Residence,Emigrants,Both,1988,104770
Australia,Residence,Immigrants,Both,1988,253860
Belgium,Residence,Immigrants,Both,1988,48484
Denmark,Residence,Emigrants,Both,1988,34544
Denmark,Residence,Immigrants,Both,1988,35051
Finland,Residence,Emigrants,Both,1988,8447
Finland,Residence,Immigrants,Both,1988,9720
Germany,Residence,Emigrants,Both,1988,421947
Germany,Residence,Immigrants,Both,1988,903892
Greece,Residence,Immigrants,Both,1988,37322
Iceland,Residence,Emigrants,Both,1988,2685
Iceland,Residence,Immigrants,Both,1988,4151
Ireland,Residence,Emigrants,Both,1988,61100
Ireland,Residence,Immigrants,Both,1988,19000
Italy,Residence,Emigrants,Both,1988,41861
Italy,Residence,Immigrants,Both,1988,85791
Luxembourg,Residence,Immigrants,Both,1988,9064
Netherlands,Residence,Immigrants,Both,1988,91238
Norway,Residence,Emigrants,Both,1988,19821
Norway,Residence,Immigrants,Both,1988,29964
Spain,Residence,Immigrants,Both,1988,24380
Sweden,Residence,Emigrants,Both,1988,21461
Sweden,Residence,Immigrants,Both,1988,51092
United Kingdom,Residence,Immigrants,Both,1988,216000
Australia,Residence,Emigrants,Both,1989,120040
Australia,Residence,Immigrants,Both,1989,238050
Belgium,Residence,Immigrants,Both,1989,54169
Denmark,Residence,Emigrants,Both,1989,34949
Denmark,Residence,Immigrants,Both,1989,38391
Finland,Residence,Emigrants,Both,1989,7374
Finland,Residence,Immigrants,Both,1989,11219
Germany,Residence,Emigrants,Both,1989,544967
Germany,Residence,Immigrants,Both,1989,1522190
Greece,Residence,Immigrants,Both,1989,38644
Iceland,Residence,Emigrants,Both,1989,3841
Iceland,Residence,Immigrants,Both,1989,2755
Ireland,Residence,Emigrants,Both,1989,70500
Ireland,Residence,Immigrants,Both,1989,27000
Italy,Residence,Emigrants,Both,1989,65647
Italy,Residence,Immigrants,Both,1989,81201
Luxembourg,Residence,Immigrants,Both,1989,9143
Netherlands,Residence,Immigrants,Both,1989,98914
Norway,Residence,Emigrants,Both,1989,27300
Norway,Residence,Immigrants,Both,1989,25847
Spain,Residence,Immigrants,Both,1989,33910
Sweden,Residence,Emigrants,Both,1989,21484
Sweden,Residence,Immigrants,Both,1989,65866
United Kingdom,Residence,Immigrants,Both,1989,250000
Australia,Residence,Emigrants,Both,1990,137470
Australia,Residence,Immigrants,Both,1990,234050
Belgium,Residence,Immigrants,Both,1990,62662
Denmark,Residence,Emigrants,Both,1990,32383
Denmark,Residence,Immigrants,Both,1990,40715
Finland,Residence,Emigrants,Both,1990,6477
Finland,Residence,Immigrants,Both,1990,13558
Germany,Residence,Emigrants,Both,1990,610595
Germany,Residence,Immigrants,Both,1990,1651593
Greece,Residence,Immigrants,Both,1990,42021
Iceland,Residence,Emigrants,Both,1990,3847
Iceland,Residence,Immigrants,Both,1990,3166
Ireland,Residence,Emigrants,Both,1990,56200
Ireland,Residence,Immigrants,Both,1990,33000
Italy,Residence,Emigrants,Both,1990,55989
Italy,Residence,Immigrants,Both,1990,166754
Kyrgyz Republic,Residence,Emigrants,Both,1990,82852
Kyrgyz Republic,Residence,Immigrants,Both,1990,40939
Latvia,Residence,Immigrants,Both,1990,32285
Luxembourg,Residence,Immigrants,Both,1990,10281
Netherlands,Residence,Immigrants,Both,1990,117350
Norway,Residence,Emigrants,Both,1990,23784
Norway,Residence,Immigrants,Both,1990,25494
Poland,Residence,Immigrants,Both,1990,2626
Romania,Residence,Emigrants,Both,1990,96929
Slovenia,Residence,Immigrants,Both,1990,7075
Spain,Residence,Immigrants,Both,1990,33966
Sweden,Residence,Emigrants,Both,1990,25196
Sweden,Residence,Immigrants,Both,1990,60048
United Kingdom,Residence,Immigrants,Both,1990,267000
Australia,Residence,Emigrants,Both,1991,143710
Australia,Residence,Immigrants,Both,1991,237240
Belgium,Residence,Immigrants,Both,1991,67460
Croatia,Residence,Immigrants,Both,1991,10050
Denmark,Residence,Emigrants,Both,1991,32629
Denmark,Residence,Immigrants,Both,1991,43567
Finland,Residence,Emigrants,Both,1991,5984
Finland,Residence,Immigrants,Both,1991,19001
Germany,Residence,Emigrants,Both,1991,582240
Germany,Residence,Immigrants,Both,1991,1198978
Greece,Residence,Immigrants,Both,1991,24346
Iceland,Residence,Emigrants,Both,1991,2982
Iceland,Residence,Immigrants,Both,1991,3989
Ireland,Residence,Emigrants,Both,1991,35300
Ireland,Residence,Immigrants,Both,1991,33000
Italy,Residence,Emigrants,Both,1991,57730
Italy,Residence,Immigrants,Both,1991,126935
Kyrgyz Republic,Residence,Emigrants,Both,1991,71315
Kyrgyz Republic,Residence,Immigrants,Both,1991,37558
Latvia,Residence,Immigrants,Both,1991,14684
Luxembourg,Residence,Immigrants,Both,1991,10913
Netherlands,Residence,Immigrants,Both,1991,120249
Norway,Residence,Emigrants,Both,1991,18238
Norway,Residence,Immigrants,Both,1991,26283
Poland,Residence,Immigrants,Both,1991,5040
Romania,Residence,Emigrants,Both,1991,44160
Russian Federation,Residence,Emigrants,Both,1991,675497
Russian Federation,Residence,Immigrants,Both,1991,692238
Slovenia,Residence,Immigrants,Both,1991,5989
Spain,Residence,Immigrants,Both,1991,24320
Sweden,Residence,Emigrants,Both,1991,24745
Sweden,Residence,Immigrants,Both,1991,49731
United Kingdom,Residence,Immigrants,Both,1991,267000
Australia,Residence,Emigrants,Both,1992,143660
Australia,Residence,Immigrants,Both,1992,220460
Belgium,Residence,Immigrants,Both,1992,66763
Croatia,Residence,Emigrants,Both,1992,8859
Croatia,Residence,Immigrants,Both,1992,48324
Cyprus,Residence,Immigrants,Both,1992,9994
Denmark,Residence,Emigrants,Both,1992,31915
Denmark,Residence,Immigrants,Both,1992,43377
Estonia,Residence,Immigrants,Both,1992,2587
Finland,Residence,Emigrants,Both,1992,6055
Finland,Residence,Immigrants,Both,1992,14554
Germany,Residence,Emigrants,Both,1992,701424
Germany,Residence,Immigrants,Both,1992,1502198
Greece,Residence,Immigrants,Both,1992,32133
Iceland,Residence,Emigrants,Both,1992,3213
Iceland,Residence,Immigrants,Both,1992,2959
Ireland,Residence,Emigrants,Both,1992,33400
Ireland,Residence,Immigrants,Both,1992,41000
Italy,Residence,Emigrants,Both,1992,56987
Italy,Residence,Immigrants,Both,1992,113916
Kyrgyz Republic,Residence,Emigrants,Both,1992,103728
Kyrgyz Republic,Residence,Immigrants,Both,1992,26275
Latvia,Residence,Immigrants,Both,1992,6199
Lithuania,Residence,Immigrants,Both,1992,6640
Luxembourg,Residence,Immigrants,Both,1992,10696
Netherlands,Residence,Immigrants,Both,1992,116926
Norway,Residence,Emigrants,Both,1992,16801
Norway,Residence,Immigrants,Both,1992,26743
Poland,Residence,Immigrants,Both,1992,6515
Portugal,Residence,Immigrants,Both,1992,13735
Romania,Residence,Emigrants,Both,1992,31152
Russian Federation,Residence,Emigrants,Both,1992,673143
Russian Federation,Residence,Immigrants,Both,1992,926020
Slovenia,Residence,Immigrants,Both,1992,3461
Spain,Residence,Immigrants,Both,1992,38882
Sweden,Residence,Emigrants,Both,1992,25726
Sweden,Residence,Immigrants,Both,1992,45348
United Kingdom,Residence,Immigrants,Both,1992,216000
Australia,Residence,Emigrants,Both,1993,140420
Australia,Residence,Immigrants,Both,1993,197940
Belgium,Residence,Immigrants,Both,1993,63749
Croatia,Residence,Emigrants,Both,1993,9169
Croatia,Residence,Immigrants,Both,1993,57702
Czech Republic,Residence,Emigrants,Both,1993,7416
Denmark,Residence,Emigrants,Both,1993,32344
Denmark,Residence,Immigrants,Both,1993,43400
Estonia,Residence,Immigrants,Both,1993,1967
Finland,Residence,Emigrants,Both,1993,6405
Finland,Residence,Immigrants,Both,1993,14795
Germany,Residence,Emigrants,Both,1993,796859
Germany,Residence,Immigrants,Both,1993,1277408
Greece,Residence,Immigrants,Both,1993,27472
Iceland,Residence,Emigrants,Both,1993,2901
Iceland,Residence,Immigrants,Both,1993,2698
Ireland,Residence,Emigrants,Both,1993,35100
Ireland,Residence,Immigrants,Both,1993,35000
Italy,Residence,Emigrants,Both,1993,61282
Italy,Residence,Immigrants,Both,1993,100401
Kyrgyz Republic,Residence,Emigrants,Both,1993,143619
Kyrgyz Republic,Residence,Immigrants,Both,1993,23015
Latvia,Residence,Immigrants,Both,1993,4114
Lithuania,Residence,Immigrants,Both,1993,2850
Luxembourg,Residence,Immigrants,Both,1993,9857
Netherlands,Residence,Immigrants,Both,1993,119154
Norway,Residence,Emigrants,Both,1993,18903
Norway,Residence,Immigrants,Both,1993,31711
Poland,Residence,Immigrants,Both,1993,5924
Portugal,Residence,Immigrants,Both,1993,9852
Romania,Residence,Emigrants,Both,1993,18446
Russian Federation,Residence,Emigrants,Both,1993,483028
Russian Federation,Residence,Immigrants,Both,1993,923280
Slovak Republic,Residence,Emigrants,Both,1993,7355
Slovak Republic,Residence,Immigrants,Both,1993,9109
Slovenia,Residence,Immigrants,Both,1993,2745
Spain,Residence,Immigrants,Both,1993,33026
Sweden,Residence,Emigrants,Both,1993,29874
Sweden,Residence,Immigrants,Both,1993,61872
United Kingdom,Residence,Immigrants,Both,1993,209000
Australia,Residence,Emigrants,Both,1994,141680
Australia,Residence,Immigrants,Both,1994,221920
Croatia,Residence,Emigrants,Both,1994,10163
Croatia,Residence,Immigrants,Both,1994,33426
Czech Republic,Residence,Emigrants,Both,1994,264
Czech Republic,Residence,Immigrants,Both,1994,10207
Denmark,Residence,Emigrants,Both,1994,34710
Denmark,Residence,Immigrants,Both,1994,44961
Estonia,Residence,Immigrants,Both,1994,1396
Finland,Residence,Emigrants,Both,1994,8672
Finland,Residence,Immigrants,Both,1994,11611
Germany,Residence,Emigrants,Both,1994,740525
Iceland,Residence,Emigrants,Both,1994,3436
Iceland,Residence,Immigrants,Both,1994,2676
Ireland,Residence,Emigrants,Both,1994,34800
Ireland,Residence,Immigrants,Both,1994,30000
Italy,Residence,Emigrants,Both,1994,65548
Italy,Residence,Immigrants,Both,1994,99105
Kyrgyz Republic,Residence,Emigrants,Both,1994,71197
Kyrgyz Republic,Residence,Immigrants,Both,1994,20104
Latvia,Residence,Immigrants,Both,1994,3046
Lithuania,Residence,Immigrants,Both,1994,1664
Luxembourg,Residence,Immigrants,Both,1994,10030
Netherlands,Residence,Immigrants,Both,1994,92143
Norway,Residence,Emigrants,Both,1994,19475
Norway,Residence,Immigrants,Both,1994,26911
Portugal,Residence,Immigrants,Both,1994,5653
Romania,Residence,Emigrants,Both,1994,17146
Romania,Residence,Immigrants,Both,1994,878
Russian Federation,Residence,Emigrants,Both,1994,337121
Russian Federation,Residence,Immigrants,Both,1994,1146735
Slovak Republic,Residence,Emigrants,Both,1994,154
Slovak Republic,Residence,Immigrants,Both,1994,4923
Slovenia,Residence,Immigrants,Both,1994,1919
Spain,Residence,Immigrants,Both,1994,34123
Sweden,Residence,Emigrants,Both,1994,32661
Sweden,Residence,Immigrants,Both,1994,83598
United Kingdom,Residence,Immigrants,Both,1994,253000
Australia,Residence,Emigrants,Both,1995,149360
Australia,Residence,Immigrants,Both,1995,253940
Azerbaijan,Residence,Emigrants,Both,1995,16033
Azerbaijan,Residence,Immigrants,Both,1995,6222
Croatia,Residence,Emigrants,Both,1995,15413
Croatia,Residence,Immigrants,Both,1995,42026
Czech Republic,Residence,Emigrants,Both,1995,540
Czech Republic,Residence,Immigrants,Both,1995,10540
Denmark,Residence,Emigrants,Both,1995,34630
Denmark,Residence,Immigrants,Both,1995,63187
Estonia,Residence,Immigrants,Both,1995,1229
Finland,Residence,Emigrants,Both,1995,8957
Finland,Residence,Immigrants,Both,1995,12222
Germany,Residence,Emigrants,Both,1995,698113
Germany,Residence,Immigrants,Both,1995,1096048
Greece,Residence,Immigrants,Both,1995,20859
Iceland,Residence,Emigrants,Both,1995,4285
Iceland,Residence,Immigrants,Both,1995,2867
Ireland,Residence,Emigrants,Both,1995,33200
Ireland,Residence,Immigrants,Both,1995,38000
Italy,Residence,Emigrants,Both,1995,43303
Italy,Residence,Immigrants,Both,1995,96710
Kyrgyz Republic,Residence,Emigrants,Both,1995,37302
Kyrgyz Republic,Residence,Immigrants,Both,1995,18368
Latvia,Residence,Emigrants,Both,1995,16512
Latvia,Residence,Immigrants,Both,1995,2799
Lithuania,Residence,Immigrants,Both,1995,2020
Luxembourg,Residence,Immigrants,Both,1995,10325
Netherlands,Residence,Immigrants,Both,1995,96099
Norway,Residence,Emigrants,Both,1995,19312
Norway,Residence,Immigrants,Both,1995,25678
Portugal,Residence,Immigrants,Both,1995,5025
Romania,Residence,Emigrants,Both,1995,25675
Romania,Residence,Immigrants,Both,1995,4458
Russian Federation,Residence,Emigrants,Both,1995,339600
Russian Federation,Residence,Immigrants,Both,1995,842050
Slovak Republic,Residence,Emigrants,Both,1995,213
Slovak Republic,Residence,Immigrants,Both,1995,3055
Slovenia,Residence,Immigrants,Both,1995,5879
Spain,Residence,Immigrants,Both,1995,36092
Sweden,Residence,Emigrants,Both,1995,33984
Sweden,Residence,Immigrants,Both,1995,45887
Switzerland,Residence,Immigrants,Both,1995,113696
United Kingdom,Residence,Immigrants,Both,1995,245000
Australia,Residence,Emigrants,Both,1996,158260
Australia,Residence,Immigrants,Both,1996,261330
Austria,Residence,Immigrants,Both,1996,69930
Azerbaijan,Residence,Emigrants,Both,1996,13151
Azerbaijan,Residence,Immigrants,Both,1996,5781
Croatia,Residence,Emigrants,Both,1996,10027
Croatia,Residence,Immigrants,Both,1996,44596
Czech Republic,Residence,Emigrants,Both,1996,728
Czech Republic,Residence,Immigrants,Both,1996,10857
Denmark,Residence,Emigrants,Both,1996,37312
Denmark,Residence,Immigrants,Both,1996,54445
Estonia,Residence,Immigrants,Both,1996,1114
Finland,Residence,Emigrants,Both,1996,10587
Finland,Residence,Immigrants,Both,1996,13294
Germany,Residence,Emigrants,Both,1996,677494
Germany,Residence,Immigrants,Both,1996,959691
Greece,Residence,Immigrants,Both,1996,22214
Iceland,Residence,Emigrants,Both,1996,4108
Iceland,Residence,Immigrants,Both,1996,3664
Ireland,Residence,Emigrants,Both,1996,31200
Ireland,Residence,Immigrants,Both,1996,39000
Italy,Residence,Emigrants,Both,1996,47510
Italy,Residence,Immigrants,Both,1996,171967
Kyrgyz Republic,Residence,Emigrants,Both,1996,27584
Kyrgyz Republic,Residence,Immigrants,Both,1996,15910
Latvia,Residence,Emigrants,Both,1996,12828
Latvia,Residence,Immigrants,Both,1996,2747
Lithuania,Residence,Immigrants,Both,1996,3025
Luxembourg,Residence,Immigrants,Both,1996,10027
Netherlands,Residence,Immigrants,Both,1996,108749
Norway,Residence,Emigrants,Both,1996,20590
Norway,Residence,Immigrants,Both,1996,26407
Portugal,Residence,Immigrants,Both,1996,3644
Romania,Residence,Emigrants,Both,1996,21526
Romania,Residence,Immigrants,Both,1996,2053
Russian Federation,Residence,Emigrants,Both,1996,288048
Russian Federation,Residence,Immigrants,Both,1996,631592
Slovak Republic,Residence,Emigrants,Both,1996,222
Slovak Republic,Residence,Immigrants,Both,1996,2477
Slovenia,Residence,Immigrants,Both,1996,9495
Spain,Residence,Immigrants,Both,1996,29895
Sweden,Residence,Emigrants,Both,1996,33884
Sweden,Residence,Immigrants,Both,1996,39895
"Macedonia, FYR",Residence,Immigrants,Both,1996,850
United Kingdom,Residence,Immigrants,Both,1996,258000
Australia,Residence,Emigrants,Both,1997,176560
Australia,Residence,Immigrants,Both,1997,260220
Austria,Residence,Immigrants,Both,1997,70122
Azerbaijan,Residence,Emigrants,Both,1997,15703
Azerbaijan,Residence,Immigrants,Both,1997,7528
Croatia,Residence,Emigrants,Both,1997,18531
Croatia,Residence,Immigrants,Both,1997,52343
Cyprus,Residence,Immigrants,Both,1997,6149
Czech Republic,Residence,Emigrants,Both,1997,804
Czech Republic,Residence,Immigrants,Both,1997,12880
Denmark,Residence,Emigrants,Both,1997,38393
Denmark,Residence,Immigrants,Both,1997,50105
Estonia,Residence,Immigrants,Both,1997,1156
Finland,Residence,Emigrants,Both,1997,9854
Finland,Residence,Immigrants,Both,1997,13564
Germany,Residence,Emigrants,Both,1997,746969
Germany,Residence,Immigrants,Both,1997,840633
Greece,Residence,Immigrants,Both,1997,22078
Iceland,Residence,Emigrants,Both,1997,3921
Iceland,Residence,Immigrants,Both,1997,3990
Ireland,Residence,Emigrants,Both,1997,25400
Ireland,Residence,Immigrants,Both,1997,45625
Italy,Residence,Emigrants,Both,1997,46273
Italy,Residence,Immigrants,Both,1997,162857
Kyrgyz Republic,Residence,Emigrants,Both,1997,19538
Kyrgyz Republic,Residence,Immigrants,Both,1997,12799
Latvia,Residence,Emigrants,Both,1997,12333
Latvia,Residence,Immigrants,Both,1997,2913
Lithuania,Residence,Immigrants,Both,1997,2536
Malta,Residence,Immigrants,Both,1997,937
Netherlands,Residence,Immigrants,Both,1997,109860
Norway,Residence,Emigrants,Both,1997,21257
Norway,Residence,Immigrants,Both,1997,31957
Portugal,Residence,Immigrants,Both,1997,3298
Romania,Residence,Emigrants,Both,1997,19945
Romania,Residence,Immigrants,Both,1997,6600
Russian Federation,Residence,Emigrants,Both,1997,232987
Russian Federation,Residence,Immigrants,Both,1997,597651
Slovak Republic,Residence,Emigrants,Both,1997,572
Slovak Republic,Residence,Immigrants,Both,1997,2303
Slovenia,Residence,Immigrants,Both,1997,7889
Spain,Residence,Immigrants,Both,1997,57877
Sweden,Residence,Emigrants,Both,1997,38543
Sweden,Residence,Immigrants,Both,1997,44818
United Kingdom,Residence,Immigrants,Both,1997,285000
Australia,Residence,Emigrants,Both,1998,179600
Australia,Residence,Immigrants,Both,1998,268390
Austria,Residence,Emigrants,Both,1998,64272
Austria,Residence,Immigrants,Both,1998,72723
Azerbaijan,Residence,Emigrants,Both,1998,10498
Azerbaijan,Residence,Immigrants,Both,1998,5404
Belgium,Residence,Emigrants,Both,1998,72087
Belgium,Residence,Immigrants,Both,1998,83812
Cyprus,Residence,Emigrants,Both,1998,6800
Cyprus,Residence,Immigrants,Both,1998,8622
Denmark,Residence,Emigrants,Both,1998,40340
Denmark,Residence,Immigrants,Both,1998,51372
Estonia,Residence,Emigrants,Both,1998,2507
Estonia,Residence,Immigrants,Both,1998,1219
Finland,Residence,Emigrants,Both,1998,10817
Finland,Residence,Immigrants,Both,1998,14192
Germany,Residence,Emigrants,Both,1998,755358
Germany,Residence,Immigrants,Both,1998,802456
Greece,Residence,Immigrants,Both,1998,12630
Iceland,Residence,Emigrants,Both,1998,3682
Iceland,Residence,Immigrants,Both,1998,4563
Ireland,Residence,Emigrants,Both,1998,28600
Ireland,Residence,Immigrants,Both,1998,48175
Italy,Residence,Emigrants,Both,1998,45889
Italy,Residence,Immigrants,Both,1998,156885
Kyrgyz Republic,Residence,Emigrants,Both,1998,15671
Kyrgyz Republic,Residence,Immigrants,Both,1998,10219
Latvia,Residence,Emigrants,Both,1998,8874
Latvia,Residence,Immigrants,Both,1998,3123
Lithuania,Residence,Emigrants,Both,1998,2130
Lithuania,Residence,Immigrants,Both,1998,2706
Luxembourg,Residence,Emigrants,Both,1998,7574
Luxembourg,Residence,Immigrants,Both,1998,11630
Malta,Residence,Emigrants,Both,1998,121
Malta,Residence,Immigrants,Both,1998,349
Netherlands,Residence,Emigrants,Both,1998,60441
Netherlands,Residence,Immigrants,Both,1998,122407
Norway,Residence,Emigrants,Both,1998,22881
Norway,Residence,Immigrants,Both,1998,36704
Poland,Residence,Emigrants,Both,1998,22177
Poland,Residence,Immigrants,Both,1998,8532
Portugal,Residence,Emigrants,Both,1998,11100
Portugal,Residence,Immigrants,Both,1998,43100
Romania,Residence,Emigrants,Both,1998,17536
Romania,Residence,Immigrants,Both,1998,11907
Russian Federation,Residence,Emigrants,Both,1998,213377
Russian Federation,Residence,Immigrants,Both,1998,513551
Slovak Republic,Residence,Emigrants,Both,1998,746
Slovak Republic,Residence,Immigrants,Both,1998,2052
Slovenia,Residence,Emigrants,Both,1998,6708
Slovenia,Residence,Immigrants,Both,1998,4603
Spain,Residence,Immigrants,Both,1998,81227
Sweden,Residence,Emigrants,Both,1998,38518
Sweden,Residence,Immigrants,Both,1998,49391
Switzerland,Residence,Immigrants,Both,1998,95955
United Kingdom,Residence,Emigrants,Both,1998,198934
United Kingdom,Residence,Immigrants,Both,1998,332390
Australia,Residence,Emigrants,Both,1999,185670
Australia,Residence,Immigrants,Both,1999,289870
Austria,Residence,Emigrants,Both,1999,66923
Austria,Residence,Immigrants,Both,1999,86710
Azerbaijan,Residence,Emigrants,Both,1999,9142
Azerbaijan,Residence,Immigrants,Both,1999,4806
Belgium,Residence,Emigrants,Both,1999,74097
Belgium,Residence,Immigrants,Both,1999,91624
Croatia,Residence,Emigrants,Both,1999,14285
Croatia,Residence,Immigrants,Both,1999,32910
Cyprus,Residence,Immigrants,Both,1999,8523
Czech Republic,Residence,Emigrants,Both,1999,1136
Czech Republic,Residence,Immigrants,Both,1999,9910
Denmark,Residence,Emigrants,Both,1999,41340
Denmark,Residence,Immigrants,Both,1999,50236
Estonia,Residence,Emigrants,Both,1999,1882
Estonia,Residence,Immigrants,Both,1999,1198
Finland,Residence,Emigrants,Both,1999,11966
Finland,Residence,Immigrants,Both,1999,14744
France,Residence,Immigrants,Both,1999,57846
Germany,Residence,Emigrants,Both,1999,685635
Germany,Residence,Immigrants,Both,1999,874023
Iceland,Residence,Emigrants,Both,1999,3663
Iceland,Residence,Immigrants,Both,1999,4785
Ireland,Residence,Emigrants,Both,1999,27825
Ireland,Residence,Immigrants,Both,1999,51675
Italy,Residence,Emigrants,Both,1999,64873
Italy,Residence,Immigrants,Both,1999,185052
Kyrgyz Republic,Residence,Emigrants,Both,1999,17818
Kyrgyz Republic,Residence,Immigrants,Both,1999,7879
Latvia,Residence,Emigrants,Both,1999,5898
Latvia,Residence,Immigrants,Both,1999,1813
Liechtenstein,Residence,Emigrants,Both,1999,1369
Liechtenstein,Residence,Immigrants,Both,1999,2679
Lithuania,Residence,Emigrants,Both,1999,1369
Lithuania,Residence,Immigrants,Both,1999,2679
Luxembourg,Residence,Emigrants,Both,1999,8075
Luxembourg,Residence,Immigrants,Both,1999,12794
Malta,Residence,Emigrants,Both,1999,67
Malta,Residence,Immigrants,Both,1999,339
Netherlands,Residence,Emigrants,Both,1999,59023
Netherlands,Residence,Immigrants,Both,1999,119151
Norway,Residence,Emigrants,Both,1999,22842
Norway,Residence,Immigrants,Both,1999,41841
Poland,Residence,Emigrants,Both,1999,21536
Poland,Residence,Immigrants,Both,1999,7525
Portugal,Residence,Emigrants,Both,1999,14040
Portugal,Residence,Immigrants,Both,1999,52040
Romania,Residence,Emigrants,Both,1999,12594
Romania,Residence,Immigrants,Both,1999,10078
Russian Federation,Residence,Emigrants,Both,1999,214963
Russian Federation,Residence,Immigrants,Both,1999,379726
Slovak Republic,Residence,Emigrants,Both,1999,618
Slovak Republic,Residence,Immigrants,Both,1999,2072
Slovenia,Residence,Emigrants,Both,1999,2606
Slovenia,Residence,Immigrants,Both,1999,4941
Spain,Residence,Immigrants,Both,1999,127365
Sweden,Residence,Emigrants,Both,1999,35705
Sweden,Residence,Immigrants,Both,1999,49839
Switzerland,Residence,Emigrants,Both,1999,91804
Switzerland,Residence,Immigrants,Both,1999,107953
United Kingdom,Residence,Emigrants,Both,1999,245340
United Kingdom,Residence,Immigrants,Both,1999,354077
Armenia,Residence,Emigrants,Both,2000,12030
Armenia,Residence,Immigrants,Both,2000,1767
Australia,Residence,Emigrants,Both,2000,206120
Australia,Residence,Immigrants,Both,2000,317560
Austria,Residence,Emigrants,Both,2000,64472
Austria,Residence,Immigrants,Both,2000,81675
Azerbaijan,Residence,Emigrants,Both,2000,9947
Azerbaijan,Residence,Immigrants,Both,2000,4361
Belarus,Residence,Emigrants,Both,2000,13812
Belarus,Residence,Immigrants,Both,2000,25943
Belgium,Residence,Emigrants,Both,2000,75320
Belgium,Residence,Immigrants,Both,2000,89388
Cyprus,Residence,Immigrants,Both,2000,12764
Czech Republic,Residence,Emigrants,Both,2000,1263
Czech Republic,Residence,Immigrants,Both,2000,7802
Denmark,Residence,Emigrants,Both,2000,43417
Denmark,Residence,Immigrants,Both,2000,52915
Estonia,Residence,Emigrants,Both,2000,1784
Estonia,Residence,Immigrants,Both,2000,35
Finland,Residence,Emigrants,Both,2000,14311
Finland,Residence,Immigrants,Both,2000,16895
Germany,Residence,Emigrants,Both,2000,674038
Germany,Residence,Immigrants,Both,2000,841158
Iceland,Residence,Emigrants,Both,2000,3489
Iceland,Residence,Immigrants,Both,2000,5203
Ireland,Residence,Emigrants,Both,2000,26300
Ireland,Residence,Immigrants,Both,2000,57400
Italy,Residence,Emigrants,Both,2000,56601
Italy,Residence,Immigrants,Both,2000,226968
Kazakhstan,Residence,Emigrants,Both,2000,155749
Kazakhstan,Residence,Immigrants,Both,2000,50166
Kyrgyz Republic,Residence,Emigrants,Both,2000,27887
Kyrgyz Republic,Residence,Immigrants,Both,2000,5349
Latvia,Residence,Emigrants,Both,2000,22911
Latvia,Residence,Immigrants,Both,2000,6483
Lithuania,Residence,Emigrants,Both,2000,2616
Lithuania,Residence,Immigrants,Both,2000,1510
Luxembourg,Residence,Emigrants,Both,2000,8121
Luxembourg,Residence,Immigrants,Both,2000,11765
Malta,Residence,Emigrants,Both,2000,67
Malta,Residence,Immigrants,Both,2000,22
Netherlands,Residence,Emigrants,Both,2000,61201
Netherlands,Residence,Immigrants,Both,2000,132850
Norway,Residence,Emigrants,Both,2000,26854
Norway,Residence,Immigrants,Both,2000,36493
Poland,Residence,Emigrants,Both,2000,26999
Poland,Residence,Immigrants,Both,2000,7331
Portugal,Residence,Emigrants,Both,2000,10660
Portugal,Residence,Immigrants,Both,2000,57660
Romania,Residence,Emigrants,Both,2000,14753
Romania,Residence,Immigrants,Both,2000,11024
Russian Federation,Residence,Emigrants,Both,2000,145720
Russian Federation,Residence,Immigrants,Both,2000,359330
Slovak Republic,Residence,Emigrants,Both,2000,811
Slovak Republic,Residence,Immigrants,Both,2000,2274
Slovenia,Residence,Emigrants,Both,2000,3570
Slovenia,Residence,Immigrants,Both,2000,6185
Spain,Residence,Immigrants,Both,2000,362468
Sweden,Residence,Emigrants,Both,2000,34091
Sweden,Residence,Immigrants,Both,2000,58659
"Macedonia, FYR",Residence,Emigrants,Both,2000,165
"Macedonia, FYR",Residence,Immigrants,Both,2000,639
Ukraine,Residence,Emigrants,Both,2000,100325
Ukraine,Residence,Immigrants,Both,2000,53712
United Kingdom,Residence,Immigrants,Both,2000,364370
Armenia,Residence,Emigrants,Both,2001,11901
Armenia,Residence,Immigrants,Both,2001,1764
Australia,Residence,Emigrants,Both,2001,216130
Australia,Residence,Immigrants,Both,2001,356410
Austria,Residence,Immigrants,Both,2001,89928
Azerbaijan,Residence,Emigrants,Both,2001,7288
Azerbaijan,Residence,Immigrants,Both,2001,2574
Belarus,Residence,Emigrants,Both,2001,14270
Belarus,Residence,Immigrants,Both,2001,23355
Belgium,Residence,Emigrants,Both,2001,75261
Belgium,Residence,Immigrants,Both,2001,110410
Croatia,Residence,Immigrants,Both,2001,24415
Cyprus,Residence,Immigrants,Both,2001,17485
Czech Republic,Residence,Emigrants,Both,2001,21469
Czech Republic,Residence,Immigrants,Both,2001,12918
Denmark,Residence,Emigrants,Both,2001,43980
Denmark,Residence,Immigrants,Both,2001,55984
Estonia,Residence,Emigrants,Both,2001,2175
Estonia,Residence,Immigrants,Both,2001,241
Finland,Residence,Emigrants,Both,2001,13153
Finland,Residence,Immigrants,Both,2001,18955
Germany,Residence,Emigrants,Both,2001,606494
Germany,Residence,Immigrants,Both,2001,879217
Iceland,Residence,Emigrants,Both,2001,4034
Iceland,Residence,Immigrants,Both,2001,5002
Ireland,Residence,Emigrants,Both,2001,25750
Ireland,Residence,Immigrants,Both,2001,64925
Italy,Residence,Emigrants,Both,2001,56077
Italy,Residence,Immigrants,Both,2001,208252
Kazakhstan,Residence,Emigrants,Both,2001,141710
Kazakhstan,Residence,Immigrants,Both,2001,54992
Kyrgyz Republic,Residence,Emigrants,Both,2001,31633
Kyrgyz Republic,Residence,Immigrants,Both,2001,5048
Latvia,Residence,Emigrants,Both,2001,24539
Latvia,Residence,Immigrants,Both,2001,5376
Lithuania,Residence,Emigrants,Both,2001,27841
Lithuania,Residence,Immigrants,Both,2001,4694
Luxembourg,Residence,Emigrants,Both,2001,8824
Luxembourg,Residence,Immigrants,Both,2001,12135
Malta,Residence,Immigrants,Both,2001,162
Netherlands,Residence,Emigrants,Both,2001,63318
Netherlands,Residence,Immigrants,Both,2001,133404
Norway,Residence,Immigrants,Both,2001,34264
Poland,Residence,Emigrants,Both,2001,23368
Poland,Residence,Immigrants,Both,2001,6625
Portugal,Residence,Emigrants,Both,2001,9800
Portugal,Residence,Immigrants,Both,2001,74800
Romania,Residence,Emigrants,Both,2001,12738
Romania,Residence,Immigrants,Both,2001,10350
Russian Federation,Residence,Emigrants,Both,2001,121166
Russian Federation,Residence,Immigrants,Both,2001,193450
Slovak Republic,Residence,Emigrants,Both,2001,1011
Slovak Republic,Residence,Immigrants,Both,2001,2023
Slovenia,Residence,Emigrants,Both,2001,4811
Slovenia,Residence,Immigrants,Both,2001,7803
Spain,Residence,Immigrants,Both,2001,414772
Sweden,Residence,Emigrants,Both,2001,32141
Sweden,Residence,Immigrants,Both,2001,60795
"Macedonia, FYR",Residence,Immigrants,Both,2001,458
Ukraine,Residence,Emigrants,Both,2001,88804
Ukraine,Residence,Immigrants,Both,2001,45765
United Kingdom,Residence,Immigrants,Both,2001,372205
Armenia,Residence,Emigrants,Both,2002,10433
Armenia,Residence,Immigrants,Both,2002,1715
Australia,Residence,Emigrants,Both,2002,222940
Australia,Residence,Immigrants,Both,2002,361990
Austria,Residence,Emigrants,Both,2002,74831
Austria,Residence,Immigrants,Both,2002,108125
Azerbaijan,Residence,Emigrants,Both,2002,4320
Azerbaijan,Residence,Immigrants,Both,2002,1257
Belarus,Residence,Emigrants,Both,2002,13378
Belarus,Residence,Immigrants,Both,2002,18939
Belgium,Residence,Emigrants,Both,2002,75960
Belgium,Residence,Immigrants,Both,2002,113857
Croatia,Residence,Emigrants,Both,2002,11767
Croatia,Residence,Immigrants,Both,2002,20365
Cyprus,Residence,Emigrants,Both,2002,7485
Cyprus,Residence,Immigrants,Both,2002,14370
Czech Republic,Residence,Emigrants,Both,2002,32389
Czech Republic,Residence,Immigrants,Both,2002,44679
Denmark,Residence,Emigrants,Both,2002,43481
Denmark,Residence,Immigrants,Both,2002,52778
Estonia,Residence,Emigrants,Both,2002,2038
Estonia,Residence,Immigrants,Both,2002,575
Finland,Residence,Emigrants,Both,2002,12891
Finland,Residence,Immigrants,Both,2002,18113
Germany,Residence,Emigrants,Both,2002,623255
Germany,Residence,Immigrants,Both,2002,842543
Iceland,Residence,Emigrants,Both,2002,4490
Iceland,Residence,Immigrants,Both,2002,4215
Ireland,Residence,Emigrants,Both,2002,28375
Ireland,Residence,Immigrants,Both,2002,61725
Italy,Residence,Emigrants,Both,2002,49383
Italy,Residence,Immigrants,Both,2002,222801
Kazakhstan,Residence,Emigrants,Both,2002,120223
Kazakhstan,Residence,Immigrants,Both,2002,59502
Kyrgyz Republic,Residence,Emigrants,Both,2002,32717
Kyrgyz Republic,Residence,Immigrants,Both,2002,4893
Latvia,Residence,Emigrants,Both,2002,15836
Latvia,Residence,Immigrants,Both,2002,6642
Lithuania,Residence,Emigrants,Both,2002,16719
Lithuania,Residence,Immigrants,Both,2002,5110
Luxembourg,Residence,Emigrants,Both,2002,9452
Luxembourg,Residence,Immigrants,Both,2002,12101
Malta,Residence,Emigrants,Both,2002,96
Netherlands,Residence,Emigrants,Both,2002,66728
Netherlands,Residence,Immigrants,Both,2002,121250
Norway,Residence,Emigrants,Both,2002,22948
Norway,Residence,Immigrants,Both,2002,40122
Poland,Residence,Emigrants,Both,2002,24532
Poland,Residence,Immigrants,Both,2002,6587
Portugal,Residence,Emigrants,Both,2002,9300
Portugal,Residence,Immigrants,Both,2002,79300
Romania,Residence,Emigrants,Both,2002,10814
Romania,Residence,Immigrants,Both,2002,6582
Russian Federation,Residence,Emigrants,Both,2002,106685
Russian Federation,Residence,Immigrants,Both,2002,184612
Slovak Republic,Residence,Emigrants,Both,2002,1411
Slovak Republic,Residence,Immigrants,Both,2002,2312
Slovenia,Residence,Emigrants,Both,2002,7269
Slovenia,Residence,Immigrants,Both,2002,9134
Spain,Residence,Emigrants,Both,2002,36605
Spain,Residence,Immigrants,Both,2002,483260
Sweden,Residence,Emigrants,Both,2002,33009
Sweden,Residence,Immigrants,Both,2002,64087
Switzerland,Residence,Immigrants,Both,2002,126080
"Macedonia, FYR",Residence,Immigrants,Both,2002,2259
Ukraine,Residence,Emigrants,Both,2002,76264
Ukraine,Residence,Immigrants,Both,2002,42473
United Kingdom,Residence,Emigrants,Both,2002,305931
United Kingdom,Residence,Immigrants,Both,2002,385901
Armenia,Residence,Emigrants,Both,2003,8482
Armenia,Residence,Immigrants,Both,2003,1926
Australia,Residence,Emigrants,Both,2003,224890
Australia,Residence,Immigrants,Both,2003,388450
Austria,Residence,Emigrants,Both,2003,71996
Austria,Residence,Immigrants,Both,2003,111869
Azerbaijan,Residence,Emigrants,Both,2003,3754
Azerbaijan,Residence,Immigrants,Both,2003,2500
Belarus,Residence,Emigrants,Both,2003,12986
Belarus,Residence,Immigrants,Both,2003,18145
Belgium,Residence,Emigrants,Both,2003,79399
Belgium,Residence,Immigrants,Both,2003,112060
Croatia,Residence,Emigrants,Both,2003,6534
Croatia,Residence,Immigrants,Both,2003,18455
Cyprus,Residence,Emigrants,Both,2003,4437
Cyprus,Residence,Immigrants,Both,2003,16779
Czech Republic,Residence,Emigrants,Both,2003,34226
Czech Republic,Residence,Immigrants,Both,2003,60015
Denmark,Residence,Emigrants,Both,2003,43466
Denmark,Residence,Immigrants,Both,2003,49754
Estonia,Residence,Emigrants,Both,2003,3073
Estonia,Residence,Immigrants,Both,2003,967
Finland,Residence,Emigrants,Both,2003,12083
Finland,Residence,Immigrants,Both,2003,17838
Germany,Residence,Emigrants,Both,2003,626330
Germany,Residence,Immigrants,Both,2003,768975
Iceland,Residence,Immigrants,Both,2003,3704
Ireland,Residence,Emigrants,Both,2003,27200
Ireland,Residence,Immigrants,Both,2003,58875
Italy,Residence,Emigrants,Both,2003,62970
Italy,Residence,Immigrants,Both,2003,470491
Kazakhstan,Residence,Emigrants,Both,2003,73890
Kazakhstan,Residence,Immigrants,Both,2003,68503
Kyrgyz Republic,Residence,Emigrants,Both,2003,21209
Kyrgyz Republic,Residence,Immigrants,Both,2003,4483
Latvia,Residence,Emigrants,Both,2003,15647
Latvia,Residence,Immigrants,Both,2003,4063
Lithuania,Residence,Emigrants,Both,2003,26283
Lithuania,Residence,Immigrants,Both,2003,4728
Luxembourg,Residence,Emigrants,Both,2003,7746
Luxembourg,Residence,Immigrants,Both,2003,13158
Netherlands,Residence,Emigrants,Both,2003,68885
Netherlands,Residence,Immigrants,Both,2003,104514
Norway,Residence,Emigrants,Both,2003,24672
Norway,Residence,Immigrants,Both,2003,35957
Poland,Residence,Emigrants,Both,2003,20813
Poland,Residence,Immigrants,Both,2003,7048
Portugal,Residence,Emigrants,Both,2003,8900
Portugal,Residence,Immigrants,Both,2003,72400
Romania,Residence,Emigrants,Both,2003,12744
Romania,Residence,Immigrants,Both,2003,3266
Russian Federation,Residence,Emigrants,Both,2003,94018
Russian Federation,Residence,Immigrants,Both,2003,129144
Slovak Republic,Residence,Emigrants,Both,2003,4777
Slovak Republic,Residence,Immigrants,Both,2003,6551
Slovenia,Residence,Emigrants,Both,2003,5867
Slovenia,Residence,Immigrants,Both,2003,9279
Spain,Residence,Emigrants,Both,2003,64298
Spain,Residence,Immigrants,Both,2003,672266
Sweden,Residence,Emigrants,Both,2003,35023
Sweden,Residence,Immigrants,Both,2003,63795
Switzerland,Residence,Immigrants,Both,2003,119783
Ukraine,Residence,Emigrants,Both,2003,63699
Ukraine,Residence,Immigrants,Both,2003,39489
United Kingdom,Residence,Emigrants,Both,2003,313960
United Kingdom,Residence,Immigrants,Both,2003,431487
Armenia,Residence,Emigrants,Both,2004,8451
Armenia,Residence,Immigrants,Both,2004,1514
Australia,Residence,Emigrants,Both,2004,212200
Australia,Residence,Immigrants,Both,2004,350990
Austria,Residence,Emigrants,Both,2004,71721
Austria,Residence,Immigrants,Both,2004,122547
Azerbaijan,Residence,Emigrants,Both,2004,2800
Azerbaijan,Residence,Immigrants,Both,2004,2407
Belarus,Residence,Emigrants,Both,2004,12510
Belarus,Residence,Immigrants,Both,2004,14641
Belgium,Residence,Emigrants,Both,2004,83895
Belgium,Residence,Immigrants,Both,2004,117236
Croatia,Residence,Emigrants,Both,2004,6812
Croatia,Residence,Immigrants,Both,2004,18383
Cyprus,Residence,Emigrants,Both,2004,6279
Cyprus,Residence,Immigrants,Both,2004,22003
Czech Republic,Residence,Emigrants,Both,2004,34818
Czech Republic,Residence,Immigrants,Both,2004,53453
Denmark,Residence,Emigrants,Both,2004,45017
Denmark,Residence,Immigrants,Both,2004,49860
Estonia,Residence,Emigrants,Both,2004,2927
Estonia,Residence,Immigrants,Both,2004,1097
Finland,Residence,Emigrants,Both,2004,13656
Finland,Residence,Immigrants,Both,2004,20333
Germany,Residence,Emigrants,Both,2004,697632
Germany,Residence,Immigrants,Both,2004,780175
Iceland,Residence,Emigrants,Both,2004,4820
Iceland,Residence,Immigrants,Both,2004,5350
Ireland,Residence,Emigrants,Both,2004,28675
Ireland,Residence,Immigrants,Both,2004,78075
Italy,Residence,Emigrants,Both,2004,64849
Italy,Residence,Immigrants,Both,2004,444566
Kazakhstan,Residence,Emigrants,Both,2004,65530
Kazakhstan,Residence,Immigrants,Both,2004,69559
Kyrgyz Republic,Residence,Emigrants,Both,2004,22607
Kyrgyz Republic,Residence,Immigrants,Both,2004,3284
Latvia,Residence,Emigrants,Both,2004,20167
Latvia,Residence,Immigrants,Both,2004,4844
Lithuania,Residence,Emigrants,Both,2004,37691
Lithuania,Residence,Immigrants,Both,2004,5553
Luxembourg,Residence,Emigrants,Both,2004,8480
Luxembourg,Residence,Immigrants,Both,2004,12872
Netherlands,Residence,Emigrants,Both,2004,75049
Netherlands,Residence,Immigrants,Both,2004,94019
Norway,Residence,Emigrants,Both,2004,23271
Norway,Residence,Immigrants,Both,2004,36482
Poland,Residence,Emigrants,Both,2004,18877
Poland,Residence,Immigrants,Both,2004,9495
Portugal,Residence,Emigrants,Both,2004,10680
Portugal,Residence,Immigrants,Both,2004,57920
Romania,Residence,Emigrants,Both,2004,16052
Romania,Residence,Immigrants,Both,2004,2987
Russian Federation,Residence,Emigrants,Both,2004,79795
Russian Federation,Residence,Immigrants,Both,2004,119157
Slovak Republic,Residence,Emigrants,Both,2004,6525
Slovak Republic,Residence,Immigrants,Both,2004,10390
Slovenia,Residence,Emigrants,Both,2004,8269
Slovenia,Residence,Immigrants,Both,2004,10171
Spain,Residence,Emigrants,Both,2004,55092
Spain,Residence,Immigrants,Both,2004,684561
Sweden,Residence,Emigrants,Both,2004,36586
Sweden,Residence,Immigrants,Both,2004,62028
Switzerland,Residence,Emigrants,Both,2004,79726
Switzerland,Residence,Immigrants,Both,2004,120188
"Macedonia, FYR",Residence,Emigrants,Both,2004,669
"Macedonia, FYR",Residence,Immigrants,Both,2004,1718
Ukraine,Residence,Emigrants,Both,2004,46182
Ukraine,Residence,Immigrants,Both,2004,38567
United Kingdom,Residence,Emigrants,Both,2004,310389
United Kingdom,Residence,Immigrants,Both,2004,518097
Armenia,Residence,Emigrants,Both,2005,9303
Armenia,Residence,Immigrants,Both,2005,1497
Australia,Residence,Emigrants,Both,2005,206690
Australia,Residence,Immigrants,Both,2005,363470
Austria,Residence,Emigrants,Both,2005,70133
Austria,Residence,Immigrants,Both,2005,114465
Azerbaijan,Residence,Emigrants,Both,2005,2919
Azerbaijan,Residence,Immigrants,Both,2005,2019
Belarus,Residence,Emigrants,Both,2005,11082
Belarus,Residence,Immigrants,Both,2005,13031
Belgium,Residence,Emigrants,Both,2005,86899
Belgium,Residence,Immigrants,Both,2005,132810
Cyprus,Residence,Emigrants,Both,2005,10003
Cyprus,Residence,Immigrants,Both,2005,24419
Czech Republic,Residence,Emigrants,Both,2005,24065
Czech Republic,Residence,Immigrants,Both,2005,60294
Denmark,Residence,Emigrants,Both,2005,45869
Denmark,Residence,Immigrants,Both,2005,52458
Estonia,Residence,Emigrants,Both,2005,4610
Estonia,Residence,Immigrants,Both,2005,1436
Finland,Residence,Emigrants,Both,2005,12369
Finland,Residence,Immigrants,Both,2005,21355
Germany,Residence,Emigrants,Both,2005,628399
Germany,Residence,Immigrants,Both,2005,707352
Iceland,Residence,Emigrants,Both,2005,3913
Iceland,Residence,Immigrants,Both,2005,7773
Ireland,Residence,Emigrants,Both,2005,34350
Ireland,Residence,Immigrants,Both,2005,102000
Italy,Residence,Emigrants,Both,2005,65029
Italy,Residence,Immigrants,Both,2005,325673
Kazakhstan,Residence,Emigrants,Both,2005,52139
Kazakhstan,Residence,Immigrants,Both,2005,75817
Kyrgyz Republic,Residence,Emigrants,Both,2005,30741
Kyrgyz Republic,Residence,Immigrants,Both,2005,3761
Latvia,Residence,Emigrants,Both,2005,17643
Latvia,Residence,Immigrants,Both,2005,6691
Lithuania,Residence,Emigrants,Both,2005,57885
Lithuania,Residence,Immigrants,Both,2005,6789
Luxembourg,Residence,Emigrants,Both,2005,8287
Luxembourg,Residence,Immigrants,Both,2005,14397
Netherlands,Residence,Emigrants,Both,2005,83399
Netherlands,Residence,Immigrants,Both,2005,92297
Norway,Residence,Emigrants,Both,2005,21709
Norway,Residence,Immigrants,Both,2005,40148
Poland,Residence,Emigrants,Both,2005,22242
Poland,Residence,Immigrants,Both,2005,9364
Portugal,Residence,Emigrants,Both,2005,10800
Portugal,Residence,Immigrants,Both,2005,49200
Romania,Residence,Emigrants,Both,2005,13297
Romania,Residence,Immigrants,Both,2005,3704
Russian Federation,Residence,Emigrants,Both,2005,69798
Russian Federation,Residence,Immigrants,Both,2005,178981
Slovak Republic,Residence,Emigrants,Both,2005,2784
Slovak Republic,Residence,Immigrants,Both,2005,9410
Slovenia,Residence,Emigrants,Both,2005,8605
Slovenia,Residence,Immigrants,Both,2005,15041
Spain,Residence,Emigrants,Both,2005,68011
Spain,Residence,Immigrants,Both,2005,719284
Sweden,Residence,Emigrants,Both,2005,38118
Sweden,Residence,Immigrants,Both,2005,65229
Switzerland,Residence,Emigrants,Both,2005,82090
"Macedonia, FYR",Residence,Emigrants,Both,2005,1300
"Macedonia, FYR",Residence,Immigrants,Both,2005,2671
Ukraine,Residence,Emigrants,Both,2005,34997
Ukraine,Residence,Immigrants,Both,2005,39580
United Kingdom,Residence,Emigrants,Both,2005,328408
United Kingdom,Residence,Immigrants,Both,2005,496469
Armenia,Residence,Emigrants,Both,2006,8053
Armenia,Residence,Immigrants,Both,2006,1335
Australia,Residence,Emigrants,Both,2006,204800
Australia,Residence,Immigrants,Both,2006,402210
Austria,Residence,Emigrants,Both,2006,74432
Austria,Residence,Immigrants,Both,2006,98535
Azerbaijan,Residence,Emigrants,Both,2006,2644
Azerbaijan,Residence,Immigrants,Both,2006,2232
Belarus,Residence,Emigrants,Both,2006,8498
Belarus,Residence,Immigrants,Both,2006,14124
Belgium,Residence,Emigrants,Both,2006,88163
Belgium,Residence,Immigrants,Both,2006,137699
Croatia,Residence,Emigrants,Both,2006,7692
Croatia,Residence,Immigrants,Both,2006,14978
Cyprus,Residence,Emigrants,Both,2006,6874
Cyprus,Residence,Immigrants,Both,2006,15545
Czech Republic,Residence,Emigrants,Both,2006,33463
Czech Republic,Residence,Immigrants,Both,2006,68183
Denmark,Residence,Emigrants,Both,2006,46786
Denmark,Residence,Immigrants,Both,2006,56750
Estonia,Residence,Emigrants,Both,2006,5527
Estonia,Residence,Immigrants,Both,2006,2234
Finland,Residence,Emigrants,Both,2006,12107
Finland,Residence,Immigrants,Both,2006,22451
France,Residence,Emigrants,Both,2006,189403
France,Residence,Immigrants,Both,2006,301544
Germany,Residence,Emigrants,Both,2006,639064
Germany,Residence,Immigrants,Both,2006,661855
Iceland,Residence,Emigrants,Both,2006,4577
Iceland,Residence,Immigrants,Both,2006,9832
Ireland,Residence,Emigrants,Both,2006,44409
Ireland,Residence,Immigrants,Both,2006,139434
Italy,Residence,Emigrants,Both,2006,75230
Italy,Residence,Immigrants,Both,2006,297640
Kazakhstan,Residence,Emigrants,Both,2006,33690
Kazakhstan,Residence,Immigrants,Both,2006,66747
Kyrgyz Republic,Residence,Emigrants,Both,2006,34423
Kyrgyz Republic,Residence,Immigrants,Both,2006,3420
Latvia,Residence,Emigrants,Both,2006,17019
Latvia,Residence,Immigrants,Both,2006,8212
Lithuania,Residence,Emigrants,Both,2006,32390
Lithuania,Residence,Immigrants,Both,2006,7745
Luxembourg,Residence,Emigrants,Both,2006,9001
Luxembourg,Residence,Immigrants,Both,2006,14352
Malta,Residence,Emigrants,Both,2006,1908
Malta,Residence,Immigrants,Both,2006,1829
Netherlands,Residence,Emigrants,Both,2006,91028
Netherlands,Residence,Immigrants,Both,2006,101150
Norway,Residence,Emigrants,Both,2006,22053
Norway,Residence,Immigrants,Both,2006,45776
Poland,Residence,Emigrants,Both,2006,46936
Poland,Residence,Immigrants,Both,2006,10802
Portugal,Residence,Emigrants,Both,2006,12700
Portugal,Residence,Immigrants,Both,2006,38800
Moldova,Residence,Emigrants,Both,2006,6685
Moldova,Residence,Immigrants,Both,2006,1968
Romania,Residence,Emigrants,Both,2006,16672
Romania,Residence,Immigrants,Both,2006,7714
Russian Federation,Residence,Emigrants,Both,2006,54061
Russian Federation,Residence,Immigrants,Both,2006,188308
Slovak Republic,Residence,Emigrants,Both,2006,3084
Slovak Republic,Residence,Immigrants,Both,2006,12611
Slovenia,Residence,Emigrants,Both,2006,13749
Slovenia,Residence,Immigrants,Both,2006,20016
Spain,Residence,Emigrants,Both,2006,142296
Spain,Residence,Immigrants,Both,2006,840844
Sweden,Residence,Emigrants,Both,2006,44908
Sweden,Residence,Immigrants,Both,2006,95750
Switzerland,Residence,Emigrants,Both,2006,88218
Switzerland,Residence,Immigrants,Both,2006,127586
"Macedonia, FYR",Residence,Emigrants,Both,2006,1108
"Macedonia, FYR",Residence,Immigrants,Both,2006,2244
Ukraine,Residence,Emigrants,Both,2006,29982
Ukraine,Residence,Immigrants,Both,2006,44227
United Kingdom,Residence,Emigrants,Both,2006,369470
United Kingdom,Residence,Immigrants,Both,2006,529008
Armenia,Residence,Emigrants,Both,2007,7461
Armenia,Residence,Immigrants,Both,2007,1112
Australia,Residence,Emigrants,Both,2007,216580
Australia,Residence,Immigrants,Both,2007,460650
Austria,Residence,Emigrants,Both,2007,49898
Austria,Residence,Immigrants,Both,2007,72862
Azerbaijan,Residence,Emigrants,Both,2007,3090
Azerbaijan,Residence,Immigrants,Both,2007,1970
Belarus,Residence,Emigrants,Both,2007,9479
Belarus,Residence,Immigrants,Both,2007,14155
Belgium,Residence,Emigrants,Both,2007,91052
Belgium,Residence,Immigrants,Both,2007,146409
Bulgaria,Residence,Emigrants,Both,2007,2958
Bulgaria,Residence,Immigrants,Both,2007,1561
Croatia,Residence,Emigrants,Both,2007,9002
Croatia,Residence,Immigrants,Both,2007,14622
Cyprus,Residence,Emigrants,Both,2007,11389
Cyprus,Residence,Immigrants,Both,2007,19017
Czech Republic,Residence,Emigrants,Both,2007,20500
Czech Republic,Residence,Immigrants,Both,2007,104445
Denmark,Residence,Emigrants,Both,2007,41566
Denmark,Residence,Immigrants,Both,2007,64656
Estonia,Residence,Emigrants,Both,2007,4384
Estonia,Residence,Immigrants,Both,2007,3741
Finland,Residence,Emigrants,Both,2007,12443
Finland,Residence,Immigrants,Both,2007,26029
France,Residence,Emigrants,Both,2007,220354
France,Residence,Immigrants,Both,2007,293980
Germany,Residence,Emigrants,Both,2007,636854
Germany,Residence,Immigrants,Both,2007,680766
Iceland,Residence,Emigrants,Both,2007,7414
Iceland,Residence,Immigrants,Both,2007,12546
Ireland,Residence,Emigrants,Both,2007,48040
Ireland,Residence,Immigrants,Both,2007,122415
Italy,Residence,Emigrants,Both,2007,65196
Italy,Residence,Immigrants,Both,2007,558019
Kazakhstan,Residence,Emigrants,Both,2007,42435
Kazakhstan,Residence,Immigrants,Both,2007,52574
Kyrgyz Republic,Residence,Emigrants,Both,2007,54608
Kyrgyz Republic,Residence,Immigrants,Both,2007,3955
Latvia,Residence,Emigrants,Both,2007,15463
Latvia,Residence,Immigrants,Both,2007,7517
Lithuania,Residence,Emigrants,Both,2007,30383
Lithuania,Residence,Immigrants,Both,2007,8609
Luxembourg,Residence,Emigrants,Both,2007,10674
Luxembourg,Residence,Immigrants,Both,2007,16675
Malta,Residence,Emigrants,Both,2007,5029
Malta,Residence,Immigrants,Both,2007,6730
Netherlands,Residence,Emigrants,Both,2007,91287
Netherlands,Residence,Immigrants,Both,2007,116819
Norway,Residence,Emigrants,Both,2007,22122
Norway,Residence,Immigrants,Both,2007,61774
Poland,Residence,Emigrants,Both,2007,35480
Poland,Residence,Immigrants,Both,2007,14995
Portugal,Residence,Emigrants,Both,2007,26800
Portugal,Residence,Immigrants,Both,2007,46300
Moldova,Residence,Emigrants,Both,2007,7172
Moldova,Residence,Immigrants,Both,2007,2070
Romania,Residence,Emigrants,Both,2007,11999
Romania,Residence,Immigrants,Both,2007,9575
Russian Federation,Residence,Emigrants,Both,2007,47013
Russian Federation,Residence,Immigrants,Both,2007,291675
Slovak Republic,Residence,Emigrants,Both,2007,3570
Slovak Republic,Residence,Immigrants,Both,2007,16265
Slovenia,Residence,Emigrants,Both,2007,14943
Slovenia,Residence,Immigrants,Both,2007,29193
Spain,Residence,Emigrants,Both,2007,227065
Spain,Residence,Immigrants,Both,2007,958266
Sweden,Residence,Emigrants,Both,2007,45418
Sweden,Residence,Immigrants,Both,2007,99485
Switzerland,Residence,Emigrants,Both,2007,90175
Switzerland,Residence,Immigrants,Both,2007,165634
"Macedonia, FYR",Residence,Emigrants,Both,2007,240
"Macedonia, FYR",Residence,Immigrants,Both,2007,1320
United Kingdom,Residence,Emigrants,Both,2007,317587
United Kingdom,Residence,Immigrants,Both,2007,526714
Armenia,Residence,Emigrants,Both,2008,6121
Armenia,Residence,Immigrants,Both,2008,864
Australia,Residence,Emigrants,Both,2008,220280
Australia,Residence,Immigrants,Both,2008,535970
Austria,Residence,Emigrants,Both,2008,51563
Austria,Residence,Immigrants,Both,2008,73772
Azerbaijan,Residence,Emigrants,Both,2008,2530
Azerbaijan,Residence,Immigrants,Both,2008,3597
Belarus,Residence,Emigrants,Both,2008,9268
Belarus,Residence,Immigrants,Both,2008,17412
Belgium,Residence,Emigrants,Both,2008,100275
Bulgaria,Residence,Emigrants,Both,2008,2112
Bulgaria,Residence,Immigrants,Both,2008,1236
Croatia,Residence,Emigrants,Both,2008,7488
Cyprus,Residence,Emigrants,Both,2008,10500
Czech Republic,Residence,Emigrants,Both,2008,51478
Czech Republic,Residence,Immigrants,Both,2008,108267
Denmark,Residence,Emigrants,Both,2008,38356
Denmark,Residence,Immigrants,Both,2008,57357
Estonia,Residence,Emigrants,Both,2008,4406
Estonia,Residence,Immigrants,Both,2008,3671
Finland,Residence,Emigrants,Both,2008,13657
Finland,Residence,Immigrants,Both,2008,29114
France,Residence,Emigrants,Both,2008,239796
France,Residence,Immigrants,Both,2008,296608
Germany,Residence,Emigrants,Both,2008,737889
Germany,Residence,Immigrants,Both,2008,682146
Greece,Residence,Emigrants,Both,2008,43044
Greece,Residence,Immigrants,Both,2008,66529
Hungary,Residence,Emigrants,Both,2008,9591
Hungary,Residence,Immigrants,Both,2008,37652
Iceland,Residence,Emigrants,Both,2008,9144
Iceland,Residence,Immigrants,Both,2008,10288
Ireland,Residence,Emigrants,Both,2008,65934
Ireland,Residence,Immigrants,Both,2008,82592
Italy,Residence,Emigrants,Both,2008,80947
Italy,Residence,Immigrants,Both,2008,534712
Kazakhstan,Residence,Emigrants,Both,2008,45287
Kazakhstan,Residence,Immigrants,Both,2008,44975
Kyrgyz Republic,Residence,Emigrants,Both,2008,41287
Kyrgyz Republic,Residence,Immigrants,Both,2008,3497
Latvia,Residence,Emigrants,Both,2008,27045
Latvia,Residence,Immigrants,Both,2008,4678
Liechtenstein,Residence,Immigrants,Both,2008,578
Lithuania,Residence,Emigrants,Both,2008,25750
Lithuania,Residence,Immigrants,Both,2008,9297
Luxembourg,Residence,Emigrants,Both,2008,10058
Luxembourg,Residence,Immigrants,Both,2008,17758
Malta,Residence,Emigrants,Both,2008,3719
Malta,Residence,Immigrants,Both,2008,6043
Netherlands,Residence,Emigrants,Both,2008,90067
Netherlands,Residence,Immigrants,Both,2008,143516
Norway,Residence,Emigrants,Both,2008,12976
Norway,Residence,Immigrants,Both,2008,58123
Poland,Residence,Emigrants,Both,2008,74338
Poland,Residence,Immigrants,Both,2008,15379
Portugal,Residence,Emigrants,Both,2008,20357
Portugal,Residence,Immigrants,Both,2008,29718
Romania,Residence,Emigrants,Both,2008,302796
Romania,Residence,Immigrants,Both,2008,138929
Russian Federation,Residence,Emigrants,Both,2008,39508
Russian Federation,Residence,Immigrants,Both,2008,281614
Slovak Republic,Residence,Emigrants,Both,2008,4857
Slovak Republic,Residence,Immigrants,Both,2008,17820
Slovenia,Residence,Emigrants,Both,2008,12109
Slovenia,Residence,Immigrants,Both,2008,30693
Spain,Residence,Emigrants,Both,2008,288432
Spain,Residence,Immigrants,Both,2008,599075
Sweden,Residence,Emigrants,Both,2008,45294
Sweden,Residence,Immigrants,Both,2008,101171
"Macedonia, FYR",Residence,Emigrants,Both,2008,751
United Kingdom,Residence,Emigrants,Both,2008,427207
United Kingdom,Residence,Immigrants,Both,2008,590242
Armenia,Residence,Emigrants,Both,2009,4100
Armenia,Residence,Immigrants,Both,2009,861
Austria,Residence,Emigrants,Both,2009,53244
Austria,Residence,Immigrants,Both,2009,69295
Azerbaijan,Residence,Emigrants,Both,2009,1373
Azerbaijan,Residence,Immigrants,Both,2009,2292
Belarus,Residence,Emigrants,Both,2009,7643
Belarus,Residence,Immigrants,Both,2009,19891
Bulgaria,Residence,Immigrants,Both,2009,3249
Cyprus,Residence,Emigrants,Both,2009,9829
Czech Republic,Residence,Emigrants,Both,2009,61782
Czech Republic,Residence,Immigrants,Both,2009,75620
Denmark,Residence,Emigrants,Both,2009,39899
Denmark,Residence,Immigrants,Both,2009,51800
Estonia,Residence,Emigrants,Both,2009,4658
Estonia,Residence,Immigrants,Both,2009,3884
Finland,Residence,Emigrants,Both,2009,12151
Finland,Residence,Immigrants,Both,2009,26699
France,Residence,Emigrants,Both,2009,264631
France,Residence,Immigrants,Both,2009,296970
Germany,Residence,Emigrants,Both,2009,286582
Germany,Residence,Immigrants,Both,2009,346216
Greece,Residence,Emigrants,Both,2009,43686
Greece,Residence,Immigrants,Both,2009,58613
Hungary,Residence,Emigrants,Both,2009,10483
Hungary,Residence,Immigrants,Both,2009,27894
Iceland,Residence,Emigrants,Both,2009,6874
Iceland,Residence,Immigrants,Both,2009,3921
Ireland,Residence,Emigrants,Both,2009,69672
Ireland,Residence,Immigrants,Both,2009,50604
Italy,Residence,Emigrants,Both,2009,80597
Italy,Residence,Immigrants,Both,2009,442940
Kazakhstan,Residence,Emigrants,Both,2009,33983
Kazakhstan,Residence,Immigrants,Both,2009,42032
Latvia,Residence,Emigrants,Both,2009,38208
Latvia,Residence,Immigrants,Both,2009,3731
Liechtenstein,Residence,Immigrants,Both,2009,584
Lithuania,Residence,Emigrants,Both,2009,38500
Lithuania,Residence,Immigrants,Both,2009,6487
Luxembourg,Residence,Emigrants,Both,2009,9168
Luxembourg,Residence,Immigrants,Both,2009,15751
Malta,Residence,Emigrants,Both,2009,3868
Malta,Residence,Immigrants,Both,2009,6161
Netherlands,Residence,Immigrants,Both,2009,122917
Norway,Residence,Emigrants,Both,2009,17072
Norway,Residence,Immigrants,Both,2009,55953
Poland,Residence,Emigrants,Both,2009,229320
Poland,Residence,Immigrants,Both,2009,189166
Portugal,Residence,Emigrants,Both,2009,16899
Portugal,Residence,Immigrants,Both,2009,32307
Romania,Residence,Emigrants,Both,2009,246626
Romania,Residence,Immigrants,Both,2009,8606
Russian Federation,Residence,Emigrants,Both,2009,32458
Russian Federation,Residence,Immigrants,Both,2009,279907
Slovak Republic,Residence,Emigrants,Both,2009,4753
Slovak Republic,Residence,Immigrants,Both,2009,15643
Slovenia,Residence,Emigrants,Both,2009,18788
Slovenia,Residence,Immigrants,Both,2009,30296
Spain,Residence,Emigrants,Both,2009,380121
Spain,Residence,Immigrants,Both,2009,392962
Sweden,Residence,Emigrants,Both,2009,39259
Sweden,Residence,Immigrants,Both,2009,102280
United Kingdom,Residence,Emigrants,Both,2009,368177
United Kingdom,Residence,Immigrants,Both,2009,566514
Austria,Residence,Emigrants,Both,2010,51651
Austria,Residence,Immigrants,Both,2010,70978
Belgium,Residence,Emigrants,Both,2010,66013
Belgium,Residence,Immigrants,Both,2010,135281
Cyprus,Residence,Emigrants,Both,2010,4293
Cyprus,Residence,Immigrants,Both,2010,20206
Czech Republic,Residence,Emigrants,Both,2010,61069
Czech Republic,Residence,Immigrants,Both,2010,48317
Denmark,Residence,Emigrants,Both,2010,41456
Denmark,Residence,Immigrants,Both,2010,52236
Estonia,Residence,Emigrants,Both,2010,5294
Estonia,Residence,Immigrants,Both,2010,2810
Finland,Residence,Emigrants,Both,2010,11905
Finland,Residence,Immigrants,Both,2010,25636
France,Residence,Emigrants,Both,2010,269531
France,Residence,Immigrants,Both,2010,307111
Germany,Residence,Emigrants,Both,2010,252456
Germany,Residence,Immigrants,Both,2010,404055
Greece,Residence,Emigrants,Both,2010,62041
Greece,Residence,Immigrants,Both,2010,60462
Hungary,Residence,Emigrants,Both,2010,13365
Hungary,Residence,Immigrants,Both,2010,25519
Iceland,Residence,Emigrants,Both,2010,5459
Iceland,Residence,Immigrants,Both,2010,3948
Ireland,Residence,Emigrants,Both,2010,78099
Ireland,Residence,Immigrants,Both,2010,52339
Italy,Residence,Emigrants,Both,2010,78771
Italy,Residence,Immigrants,Both,2010,458856
Latvia,Residence,Emigrants,Both,2010,39651
Latvia,Residence,Immigrants,Both,2010,4011
Liechtenstein,Residence,Emigrants,Both,2010,428
Liechtenstein,Residence,Immigrants,Both,2010,591
Lithuania,Residence,Emigrants,Both,2010,83157
Lithuania,Residence,Immigrants,Both,2010,5213
Luxembourg,Residence,Emigrants,Both,2010,9302
Luxembourg,Residence,Immigrants,Both,2010,16962
Malta,Residence,Emigrants,Both,2010,4201
Malta,Residence,Immigrants,Both,2010,4275
Netherlands,Residence,Immigrants,Both,2010,126776
Norway,Residence,Emigrants,Both,2010,25835
Norway,Residence,Immigrants,Both,2010,69214
Poland,Residence,Emigrants,Both,2010,218126
Poland,Residence,Immigrants,Both,2010,155131
Portugal,Residence,Emigrants,Both,2010,23760
Portugal,Residence,Immigrants,Both,2010,27575
Romania,Residence,Emigrants,Both,2010,197985
Romania,Residence,Immigrants,Both,2010,149885
Russian Federation,Residence,Emigrants,Both,2010,33577
Russian Federation,Residence,Immigrants,Both,2010,191656
Slovak Republic,Residence,Emigrants,Both,2010,4447
Slovak Republic,Residence,Immigrants,Both,2010,13770
Slovenia,Residence,Emigrants,Both,2010,15937
Slovenia,Residence,Immigrants,Both,2010,15416
Spain,Residence,Emigrants,Both,2010,403377
Spain,Residence,Immigrants,Both,2010,360705
Sweden,Residence,Emigrants,Both,2010,48890
Sweden,Residence,Immigrants,Both,2010,98801
United Kingdom,Residence,Emigrants,Both,2010,339306
United Kingdom,Residence,Immigrants,Both,2010,590950
Austria,Residence,Emigrants,Both,2011,51197
Austria,Residence,Immigrants,Both,2011,82230
Belgium,Residence,Emigrants,Both,2011,67475
Belgium,Residence,Immigrants,Both,2011,144698
Croatia,Residence,Emigrants,Both,2011,12699
Croatia,Residence,Immigrants,Both,2011,8534
Cyprus,Residence,Emigrants,Both,2011,4895
Cyprus,Residence,Immigrants,Both,2011,23037
Czech Republic,Residence,Emigrants,Both,2011,55910
Czech Republic,Residence,Immigrants,Both,2011,27114
Denmark,Residence,Emigrants,Both,2011,41593
Denmark,Residence,Immigrants,Both,2011,52833
Estonia,Residence,Emigrants,Both,2011,6214
Estonia,Residence,Immigrants,Both,2011,3709
Finland,Residence,Emigrants,Both,2011,12660
Finland,Residence,Immigrants,Both,2011,29481
France,Residence,Emigrants,Both,2011,291594
France,Residence,Immigrants,Both,2011,319816
Germany,Residence,Emigrants,Both,2011,249045
Germany,Residence,Immigrants,Both,2011,489422
Greece,Residence,Emigrants,Both,2011,92404
Greece,Residence,Immigrants,Both,2011,60089
Hungary,Residence,Emigrants,Both,2011,15100
Hungary,Residence,Immigrants,Both,2011,28018
Iceland,Residence,Emigrants,Both,2011,4812
Iceland,Residence,Immigrants,Both,2011,4073
Ireland,Residence,Emigrants,Both,2011,87053
Ireland,Residence,Immigrants,Both,2011,53224
Italy,Residence,Emigrants,Both,2011,82461
Italy,Residence,Immigrants,Both,2011,385793
Latvia,Residence,Emigrants,Both,2011,30311
Latvia,Residence,Immigrants,Both,2011,10234
Liechtenstein,Residence,Emigrants,Both,2011,467
Liechtenstein,Residence,Immigrants,Both,2011,650
Lithuania,Residence,Emigrants,Both,2011,53863
Lithuania,Residence,Immigrants,Both,2011,15685
Luxembourg,Residence,Emigrants,Both,2011,9264
Luxembourg,Residence,Immigrants,Both,2011,20268
Malta,Residence,Emigrants,Both,2011,3806
Malta,Residence,Immigrants,Both,2011,5465
Netherlands,Residence,Immigrants,Both,2011,130118
Norway,Residence,Emigrants,Both,2011,20349
Norway,Residence,Immigrants,Both,2011,70337
Poland,Residence,Emigrants,Both,2011,265798
Poland,Residence,Immigrants,Both,2011,157059
Portugal,Residence,Emigrants,Both,2011,43998
Portugal,Residence,Immigrants,Both,2011,19667
Romania,Residence,Emigrants,Both,2011,195551
Romania,Residence,Immigrants,Both,2011,147685
Slovak Republic,Residence,Emigrants,Both,2011,1863
Slovak Republic,Residence,Immigrants,Both,2011,4829
Slovenia,Residence,Emigrants,Both,2011,12024
Slovenia,Residence,Immigrants,Both,2011,14083
Spain,Residence,Emigrants,Both,2011,409034
Spain,Residence,Immigrants,Both,2011,371331
Sweden,Residence,Emigrants,Both,2011,51224
Sweden,Residence,Immigrants,Both,2011,96467
Switzerland,Residence,Immigrants,Both,2011,148799
"Macedonia, FYR",Residence,Emigrants,Both,2011,1290
"Macedonia, FYR",Residence,Immigrants,Both,2011,1464
United Kingdom,Residence,Emigrants,Both,2011,350703
United Kingdom,Residence,Immigrants,Both,2011,566044
Austria,Residence,Emigrants,Both,2012,51812
Austria,Residence,Immigrants,Both,2012,91557
Belgium,Residence,Emigrants,Both,2012,74720
Belgium,Residence,Immigrants,Both,2012,147387
Bulgaria,Residence,Emigrants,Both,2012,16615
Bulgaria,Residence,Immigrants,Both,2012,14103
Croatia,Residence,Emigrants,Both,2012,12877
Croatia,Residence,Immigrants,Both,2012,8959
Cyprus,Residence,Emigrants,Both,2012,18105
Cyprus,Residence,Immigrants,Both,2012,17476
Czech Republic,Residence,Emigrants,Both,2012,46106
Czech Republic,Residence,Immigrants,Both,2012,34337
Denmark,Residence,Emigrants,Both,2012,43663
Denmark,Residence,Immigrants,Both,2012,54409
Estonia,Residence,Emigrants,Both,2012,6321
Estonia,Residence,Immigrants,Both,2012,2639
Finland,Residence,Emigrants,Both,2012,13845
Finland,Residence,Immigrants,Both,2012,31278
France,Residence,Emigrants,Both,2012,295551
France,Residence,Immigrants,Both,2012,327431
Germany,Residence,Emigrants,Both,2012,240001
Germany,Residence,Immigrants,Both,2012,592175
Greece,Residence,Emigrants,Both,2012,124694
Greece,Residence,Immigrants,Both,2012,58200
Hungary,Residence,Emigrants,Both,2012,22880
Hungary,Residence,Immigrants,Both,2012,33702
Iceland,Residence,Emigrants,Both,2012,4758
Iceland,Residence,Immigrants,Both,2012,4960
Ireland,Residence,Emigrants,Both,2012,89436
Ireland,Residence,Immigrants,Both,2012,54439
Italy,Residence,Emigrants,Both,2012,106216
Italy,Residence,Immigrants,Both,2012,350772
Latvia,Residence,Emigrants,Both,2012,25163
Latvia,Residence,Immigrants,Both,2012,13303
Liechtenstein,Residence,Emigrants,Both,2012,439
Liechtenstein,Residence,Immigrants,Both,2012,671
Lithuania,Residence,Emigrants,Both,2012,41100
Lithuania,Residence,Immigrants,Both,2012,19843
Luxembourg,Residence,Emigrants,Both,2012,10442
Luxembourg,Residence,Immigrants,Both,2012,20478
Malta,Residence,Emigrants,Both,2012,4005
Malta,Residence,Immigrants,Both,2012,7111
Netherlands,Residence,Emigrants,Both,2012,110431
Netherlands,Residence,Immigrants,Both,2012,124566
Norway,Residence,Emigrants,Both,2012,22693
Norway,Residence,Immigrants,Both,2012,69908
Poland,Residence,Emigrants,Both,2012,275603
Poland,Residence,Immigrants,Both,2012,217546
Portugal,Residence,Emigrants,Both,2012,51958
Portugal,Residence,Immigrants,Both,2012,14606
Romania,Residence,Emigrants,Both,2012,170186
Romania,Residence,Immigrants,Both,2012,167266
Slovak Republic,Residence,Emigrants,Both,2012,2003
Slovak Republic,Residence,Immigrants,Both,2012,5419
Slovenia,Residence,Emigrants,Both,2012,14378
Slovenia,Residence,Immigrants,Both,2012,15022
Spain,Residence,Emigrants,Both,2012,446606
Spain,Residence,Immigrants,Both,2012,304053
Sweden,Residence,Emigrants,Both,2012,51815
Sweden,Residence,Immigrants,Both,2012,103059
Switzerland,Residence,Emigrants,Both,2012,103881
Switzerland,Residence,Immigrants,Both,2012,149051
"Macedonia, FYR",Residence,Emigrants,Both,2012,1415
"Macedonia, FYR",Residence,Immigrants,Both,2012,1715
United Kingdom,Residence,Emigrants,Both,2012,321217
United Kingdom,Residence,Immigrants,Both,2012,498040
Austria,Residence,Emigrants,Both,2013,54071
Austria,Residence,Immigrants,Both,2013,101866
Belgium,Residence,Emigrants,Both,2013,90800
Belgium,Residence,Immigrants,Both,2013,118256
Bulgaria,Residence,Emigrants,Both,2013,19678
Bulgaria,Residence,Immigrants,Both,2013,18570
Croatia,Residence,Emigrants,Both,2013,15262
Croatia,Residence,Immigrants,Both,2013,10378
Cyprus,Residence,Emigrants,Both,2013,25227
Cyprus,Residence,Immigrants,Both,2013,13149
Czech Republic,Residence,Emigrants,Both,2013,25894
Czech Republic,Residence,Immigrants,Both,2013,30124
Denmark,Residence,Emigrants,Both,2013,43310
Denmark,Residence,Immigrants,Both,2013,60312
Estonia,Residence,Emigrants,Both,2013,6740
Estonia,Residence,Immigrants,Both,2013,4109
Finland,Residence,Emigrants,Both,2013,13893
Finland,Residence,Immigrants,Both,2013,31941
France,Residence,Emigrants,Both,2013,300760
France,Residence,Immigrants,Both,2013,332640
Germany,Residence,Emigrants,Both,2013,259328
Germany,Residence,Immigrants,Both,2013,692713
Greece,Residence,Emigrants,Both,2013,117094
Greece,Residence,Immigrants,Both,2013,57946
Hungary,Residence,Emigrants,Both,2013,34691
Hungary,Residence,Immigrants,Both,2013,38968
Iceland,Residence,Emigrants,Both,2013,4372
Iceland,Residence,Immigrants,Both,2013,6406
Ireland,Residence,Emigrants,Both,2013,83791
Ireland,Residence,Immigrants,Both,2013,59294
Italy,Residence,Emigrants,Both,2013,125735
Italy,Residence,Immigrants,Both,2013,307454
Latvia,Residence,Emigrants,Both,2013,22561
Latvia,Residence,Immigrants,Both,2013,8299
Liechtenstein,Residence,Emigrants,Both,2013,497
Liechtenstein,Residence,Immigrants,Both,2013,696
Lithuania,Residence,Emigrants,Both,2013,38818
Lithuania,Residence,Immigrants,Both,2013,22011
Luxembourg,Residence,Emigrants,Both,2013,10750
Luxembourg,Residence,Immigrants,Both,2013,21098
Malta,Residence,Emigrants,Both,2013,5204
Malta,Residence,Immigrants,Both,2013,8428
Netherlands,Residence,Emigrants,Both,2013,112625
Netherlands,Residence,Immigrants,Both,2013,129428
Norway,Residence,Emigrants,Both,2013,26523
Norway,Residence,Immigrants,Both,2013,68313
Poland,Residence,Emigrants,Both,2013,276446
Poland,Residence,Immigrants,Both,2013,220311
Portugal,Residence,Emigrants,Both,2013,53786
Portugal,Residence,Immigrants,Both,2013,17554
Romania,Residence,Emigrants,Both,2013,161755
Romania,Residence,Immigrants,Both,2013,153646
Slovak Republic,Residence,Emigrants,Both,2013,2770
Slovak Republic,Residence,Immigrants,Both,2013,5149
Slovenia,Residence,Emigrants,Both,2013,13384
Slovenia,Residence,Immigrants,Both,2013,13871
Spain,Residence,Emigrants,Both,2013,532303
Spain,Residence,Immigrants,Both,2013,280772
Sweden,Residence,Emigrants,Both,2013,50769
Sweden,Residence,Immigrants,Both,2013,115845
Switzerland,Residence,Emigrants,Both,2013,106196
Switzerland,Residence,Immigrants,Both,2013,160157
United Kingdom,Residence,Emigrants,Both,2013,316934
United Kingdom,Residence,Immigrants,Both,2013,526046
Canada,Citizenship,Immigrants,Foreigners,1980,143137
Canada,Citizenship,Immigrants,Foreigners,1981,128641
Canada,Citizenship,Immigrants,Foreigners,1982,121175
Canada,Citizenship,Immigrants,Foreigners,1983,89185
Canada,Citizenship,Immigrants,Foreigners,1984,88272
Canada,Citizenship,Immigrants,Foreigners,1985,84346
Canada,Citizenship,Immigrants,Foreigners,1986,99351
Canada,Citizenship,Immigrants,Foreigners,1987,152075
Canada,Citizenship,Immigrants,Foreigners,1988,161585
Canada,Citizenship,Immigrants,Foreigners,1989,191550
Canada,Citizenship,Immigrants,Foreigners,1990,216448
Canada,Citizenship,Immigrants,Foreigners,1991,232799
Canada,Citizenship,Immigrants,Foreigners,1992,254783
Canada,Citizenship,Immigrants,Foreigners,1993,256635
Canada,Citizenship,Immigrants,Foreigners,1994,224381
Canada,Citizenship,Immigrants,Foreigners,1995,212863
Canada,Citizenship,Immigrants,Foreigners,1996,226070
Canada,Citizenship,Immigrants,Foreigners,1997,216036
Canada,Citizenship,Immigrants,Foreigners,1998,174195
Canada,Citizenship,Immigrants,Foreigners,1999,189950
Canada,Citizenship,Immigrants,Foreigners,2000,227455
Canada,Citizenship,Immigrants,Foreigners,2001,250636
Canada,Citizenship,Immigrants,Foreigners,2002,229049
Canada,Citizenship,Immigrants,Foreigners,2003,221349
Canada,Citizenship,Immigrants,Foreigners,2004,235822
Canada,Citizenship,Immigrants,Foreigners,2005,262242
Canada,Citizenship,Immigrants,Foreigners,2006,251640
Canada,Citizenship,Immigrants,Foreigners,2007,236753
Canada,Citizenship,Immigrants,Foreigners,2008,247244
Canada,Citizenship,Immigrants,Foreigners,2009,252170
Canada,Citizenship,Immigrants,Foreigners,2010,280687
Canada,Citizenship,Immigrants,Foreigners,2011,248747
Canada,Citizenship,Immigrants,Foreigners,2012,257902
Canada,Citizenship,Immigrants,Foreigners,2013,259019
New Zealand,Residence,Emigrants,Foreigners,1980,68849
New Zealand,Residence,Immigrants,Foreigners,1980,45256
New Zealand,Residence,Emigrants,Foreigners,1981,61768
New Zealand,Residence,Immigrants,Foreigners,1981,45036
New Zealand,Residence,Emigrants,Foreigners,1982,47217
New Zealand,Residence,Immigrants,Foreigners,1982,45675
New Zealand,Residence,Emigrants,Foreigners,1983,33871
New Zealand,Residence,Immigrants,Foreigners,1983,42156
New Zealand,Residence,Emigrants,Foreigners,1984,40194
New Zealand,Residence,Immigrants,Foreigners,1984,37053
New Zealand,Residence,Emigrants,Foreigners,1985,54737
New Zealand,Residence,Immigrants,Foreigners,1985,35395
New Zealand,Residence,Emigrants,Foreigners,1986,60381
New Zealand,Residence,Immigrants,Foreigners,1986,41629
New Zealand,Residence,Emigrants,Foreigners,1987,59633
New Zealand,Residence,Immigrants,Foreigners,1987,48373
New Zealand,Residence,Emigrants,Foreigners,1988,70725
New Zealand,Residence,Immigrants,Foreigners,1988,46529
New Zealand,Residence,Emigrants,Foreigners,1989,61535
New Zealand,Residence,Immigrants,Foreigners,1989,49260
New Zealand,Residence,Emigrants,Foreigners,1990,47514
New Zealand,Residence,Immigrants,Foreigners,1990,56482
New Zealand,Residence,Emigrants,Foreigners,1991,44181
New Zealand,Residence,Immigrants,Foreigners,1991,50578
New Zealand,Residence,Emigrants,Foreigners,1992,43504
New Zealand,Residence,Immigrants,Foreigners,1992,48144
New Zealand,Residence,Emigrants,Foreigners,1993,41096
New Zealand,Residence,Immigrants,Foreigners,1993,55081
New Zealand,Residence,Emigrants,Foreigners,1994,44525
New Zealand,Residence,Immigrants,Foreigners,1994,64382
New Zealand,Residence,Emigrants,Foreigners,1995,49077
New Zealand,Residence,Immigrants,Foreigners,1995,77563
New Zealand,Residence,Emigrants,Foreigners,1996,54212
New Zealand,Residence,Immigrants,Foreigners,1996,79005
New Zealand,Residence,Emigrants,Foreigners,1997,60012
New Zealand,Residence,Immigrants,Foreigners,1997,67636
New Zealand,Residence,Emigrants,Foreigners,1998,64485
New Zealand,Residence,Immigrants,Foreigners,1998,58220
New Zealand,Residence,Emigrants,Foreigners,1999,68772
New Zealand,Residence,Immigrants,Foreigners,1999,59743
New Zealand,Residence,Emigrants,Foreigners,2000,74306
New Zealand,Residence,Immigrants,Foreigners,2000,62994
New Zealand,Residence,Emigrants,Foreigners,2001,71368
New Zealand,Residence,Immigrants,Foreigners,2001,81094
New Zealand,Residence,Emigrants,Foreigners,2002,57753
New Zealand,Residence,Immigrants,Foreigners,2002,95951
New Zealand,Residence,Emigrants,Foreigners,2003,57754
New Zealand,Residence,Immigrants,Foreigners,2003,92660
New Zealand,Residence,Emigrants,Foreigners,2004,65371
New Zealand,Residence,Immigrants,Foreigners,2004,80479
New Zealand,Residence,Emigrants,Foreigners,2005,71992
New Zealand,Residence,Immigrants,Foreigners,2005,78963
New Zealand,Residence,Emigrants,Foreigners,2006,68123
New Zealand,Residence,Immigrants,Foreigners,2006,82732
New Zealand,Residence,Emigrants,Foreigners,2007,77081
New Zealand,Residence,Immigrants,Foreigners,2007,82572
New Zealand,Residence,Emigrants,Foreigners,2008,83649
New Zealand,Residence,Immigrants,Foreigners,2008,87463
New Zealand,Residence,Emigrants,Foreigners,2009,65157
New Zealand,Residence,Immigrants,Foreigners,2009,86410
New Zealand,Residence,Emigrants,Foreigners,2010,72018
New Zealand,Residence,Immigrants,Foreigners,2010,82469
New Zealand,Residence,Emigrants,Foreigners,2011,86042
New Zealand,Residence,Immigrants,Foreigners,2011,84187
New Zealand,Residence,Emigrants,Foreigners,2012,86420
New Zealand,Residence,Immigrants,Foreigners,2012,85255
New Zealand,Residence,Emigrants,Foreigners,2013,71497
New Zealand,Residence,Immigrants,Foreigners,2013,93965
United States,Place of birth,Immigrants,Foreigners,1980,530639
United States,Place of birth,Immigrants,Foreigners,1981,596600
United States,Place of birth,Immigrants,Foreigners,1982,594131
United States,Place of birth,Immigrants,Foreigners,1983,559763
United States,Place of birth,Immigrants,Foreigners,1984,543903
United States,Place of birth,Immigrants,Foreigners,1985,570009
United States,Place of birth,Immigrants,Foreigners,1986,601708
United States,Place of birth,Immigrants,Foreigners,1987,601516
United States,Place of birth,Immigrants,Foreigners,1988,643025
United States,Place of birth,Immigrants,Foreigners,1989,1090924
United States,Place of birth,Immigrants,Foreigners,1990,1536483
United States,Place of birth,Immigrants,Foreigners,1991,1827167
United States,Place of birth,Immigrants,Foreigners,1992,973975
United States,Place of birth,Immigrants,Foreigners,1993,904292
United States,Place of birth,Immigrants,Foreigners,1994,804416
United States,Place of birth,Immigrants,Foreigners,1995,720459
United States,Place of birth,Immigrants,Foreigners,1996,915560
United States,Place of birth,Immigrants,Foreigners,1997,797847
United States,Place of birth,Immigrants,Foreigners,1998,653206
United States,Place of birth,Immigrants,Foreigners,1999,644787
United States,Place of birth,Immigrants,Foreigners,2000,841002
United States,Place of birth,Immigrants,Foreigners,2001,1058902
United States,Place of birth,Immigrants,Foreigners,2002,1059356
United States,Place of birth,Immigrants,Foreigners,2003,703542
United States,Place of birth,Immigrants,Foreigners,2004,957883
United States,Place of birth,Immigrants,Foreigners,2005,1122257
United States,Place of birth,Immigrants,Foreigners,2006,1266129
United States,Place of birth,Immigrants,Foreigners,2007,1052415
United States,Place of birth,Immigrants,Foreigners,2008,1107126
United States,Place of birth,Immigrants,Foreigners,2009,1130818
United States,Place of birth,Immigrants,Foreigners,2010,1042625
United States,Place of birth,Immigrants,Foreigners,2011,1062040
United States,Place of birth,Immigrants,Foreigners,2012,1031631
United States,Place of birth,Immigrants,Foreigners,2013,990553
